,Gender,Body_Size,Age_Range,With_Kids,Kids_Category,Basket_Size,Basket_colour,Shirt_Colour,shirt_type,Pants_Colour,pants_type,Washer_No,Dryer_No,Spectacles,Race_chinese,Race_foreigner ,Race_indian,Race_malay,Attire_casual,Attire_formal,Attire_traditional,Wash_Item_blankets,Wash_Item_clothes
0,1,1,28.0,1,4,0,8,2,1,0,1,3,10,0,0,0,0,1,1,0,0,0,1
1,1,2,32.0,0,1,0,3,10,1,4,0,6,9,0,0,0,1,0,1,0,0,0,1
2,0,1,30.0,0,1,0,1,9,1,0,0,4,10,0,0,0,0,1,1,0,0,0,1
4,1,1,34.0,0,1,0,1,2,1,12,0,3,9,0,0,0,1,0,1,0,0,0,1
8,1,2,30.0,0,1,1,7,10,1,0,1,6,10,0,0,0,1,0,1,0,0,0,1
13,1,1,32.0,0,1,0,10,11,1,0,0,3,9,1,0,0,0,1,1,0,0,0,1
14,0,1,55.0,1,4,0,8,3,0,7,0,3,8,1,0,0,0,1,1,0,0,0,1
16,0,2,55.0,1,3,0,1,3,0,7,0,4,7,0,0,0,0,1,1,0,0,0,1
19,0,1,50.0,1,4,0,6,4,0,7,0,5,10,0,0,0,0,1,1,0,0,0,1
20,1,0,34.0,0,1,0,0,9,1,7,0,3,10,0,0,0,1,0,1,0,0,0,1
24,0,1,44.0,0,1,0,9,0,1,0,0,5,7,0,1,0,0,0,1,0,0,0,1
25,0,1,42.0,0,1,1,5,0,1,0,0,3,8,0,1,0,0,0,1,0,0,0,1
31,1,2,40.0,1,2,0,8,10,1,12,1,5,9,1,1,0,0,0,1,0,0,0,1
32,1,1,39.0,0,1,0,1,0,1,0,0,3,8,0,0,1,0,0,1,0,0,0,1
33,0,0,55.0,0,1,0,7,8,0,0,0,3,7,0,0,0,0,1,1,0,0,0,1
37,0,2,35.0,0,1,1,3,5,1,7,1,5,9,0,1,0,0,0,1,0,0,0,1
39,0,0,31.0,0,1,0,8,4,0,6,0,4,9,1,0,0,0,1,0,0,1,0,1
40,0,0,34.0,0,1,0,8,3,0,5,0,5,9,0,0,0,0,1,0,0,1,0,1
41,0,0,36.0,0,1,0,1,5,0,0,0,4,8,0,0,0,0,1,1,0,0,1,0
43,0,0,51.0,0,1,0,1,2,1,11,0,6,9,0,0,0,0,1,1,0,0,0,1
44,0,1,46.0,0,1,0,1,5,0,0,0,3,7,0,0,1,0,0,0,1,0,1,0
45,0,1,51.0,0,1,0,0,9,0,11,0,6,8,0,0,0,0,1,1,0,0,0,1
46,1,0,48.0,0,1,0,7,9,1,0,1,5,7,0,0,0,1,0,1,0,0,0,1
47,0,0,28.0,0,1,0,1,2,0,5,0,3,9,1,0,0,0,1,1,0,0,0,1
48,1,1,49.0,0,1,0,8,0,1,2,1,4,8,0,0,0,1,0,1,0,0,0,1
49,1,0,48.0,0,1,0,8,0,1,2,1,5,10,0,0,0,1,0,1,0,0,0,1
50,0,0,42.0,1,2,0,5,0,1,0,0,5,9,0,0,0,0,1,1,0,0,1,0
51,0,0,42.0,0,1,1,9,9,1,0,0,5,7,0,0,0,1,0,0,0,1,0,1
52,1,1,54.0,0,1,0,9,10,1,0,0,3,9,0,0,1,0,0,1,0,0,0,1
54,0,2,39.0,0,1,0,1,2,0,13,1,6,7,0,1,0,0,0,1,0,0,0,1
55,1,2,53.0,1,4,0,9,3,0,2,0,6,8,0,0,0,0,1,0,1,0,0,1
56,1,2,29.0,1,2,0,0,10,1,4,0,3,10,0,0,0,0,1,1,0,0,0,1
57,1,0,43.0,0,1,0,1,10,1,0,0,6,10,0,0,0,1,0,1,0,0,0,1
58,0,0,29.0,1,4,1,9,3,1,2,0,5,8,0,0,0,1,0,0,0,1,0,1
59,0,2,50.0,1,2,0,0,5,1,7,0,3,8,0,0,0,0,1,1,0,0,0,1
61,1,2,28.0,1,2,0,9,10,1,4,0,4,10,0,0,0,0,1,1,0,0,0,1
62,0,1,55.0,1,0,0,9,2,1,5,1,3,9,0,0,0,1,0,1,0,0,0,1
63,1,2,33.0,0,1,1,10,10,1,0,0,5,10,0,0,0,1,0,1,0,0,1,0
64,1,1,49.0,0,1,1,9,2,0,0,0,6,10,1,0,0,1,0,0,1,0,0,1
65,1,2,42.0,0,1,1,8,3,0,2,0,4,8,0,0,0,0,1,1,0,0,1,0
66,0,1,45.0,0,1,0,6,9,0,0,0,3,7,0,0,0,0,1,0,1,0,1,0
67,1,2,30.0,0,1,1,9,0,1,12,1,6,7,0,0,0,1,0,1,0,0,0,1
75,0,2,31.0,0,1,0,8,2,0,0,0,5,10,0,0,0,0,1,1,0,0,0,1
76,1,2,54.0,0,1,1,9,9,1,0,0,3,8,0,1,0,0,0,1,0,0,0,1
78,1,1,54.0,0,1,1,9,4,1,4,0,5,7,0,0,0,0,1,1,0,0,0,1
79,0,0,45.0,0,1,0,1,5,0,12,0,3,10,1,1,0,0,0,1,0,0,0,1
80,1,0,38.0,1,2,0,9,5,1,0,0,3,7,0,0,0,0,1,1,0,0,0,1
81,0,1,48.0,1,4,0,1,4,0,12,0,5,9,1,0,0,0,1,0,0,1,0,1
83,0,1,42.0,1,2,0,1,8,0,10,0,4,8,0,0,0,0,1,0,0,1,1,0
84,1,1,53.0,0,1,1,9,2,1,13,1,4,9,0,1,0,0,0,1,0,0,0,1
85,0,0,40.0,0,1,0,1,3,0,5,0,6,8,0,0,0,0,1,0,0,1,0,1
86,0,1,53.0,0,1,0,9,8,0,10,0,4,7,1,0,0,0,1,0,0,1,0,1
87,1,0,49.0,0,1,0,0,0,1,4,0,3,7,0,0,0,1,0,1,0,0,0,1
88,1,2,52.0,0,1,0,0,3,0,5,0,6,10,0,0,0,0,1,0,0,1,0,1
89,1,2,32.0,0,1,0,9,0,1,0,0,6,8,0,0,0,0,1,1,0,0,0,1
90,1,1,34.0,0,1,0,1,2,1,11,1,5,9,1,1,0,0,0,1,0,0,0,1
91,1,2,35.0,0,1,0,9,10,0,0,0,3,7,0,0,0,1,0,0,1,0,0,1
92,0,1,49.0,0,1,0,10,10,0,12,0,4,8,0,0,0,0,1,0,0,1,0,1
93,0,0,33.0,0,1,0,9,2,0,0,0,5,7,0,0,0,0,1,0,0,1,0,1
94,0,1,55.0,0,1,0,1,5,0,0,0,4,8,0,0,0,0,1,0,1,0,0,1
96,1,1,55.0,0,1,0,1,10,1,13,0,3,8,1,0,0,0,1,1,0,0,0,1
97,0,2,49.0,0,1,0,1,3,0,0,0,5,9,0,0,0,0,1,1,0,0,0,1
98,1,2,46.0,0,1,0,0,9,1,12,0,3,8,1,0,0,0,1,1,0,0,0,1
99,0,1,41.0,0,1,0,9,10,1,12,0,5,10,0,0,1,0,0,1,0,0,0,1
100,0,0,53.0,0,1,0,1,7,0,0,0,3,7,0,0,0,0,1,0,1,0,0,1
101,1,0,41.0,0,1,0,3,4,1,0,0,3,10,0,0,0,0,1,1,0,0,0,1
102,1,1,55.0,0,1,1,9,3,1,7,0,4,8,1,0,0,0,1,1,0,0,0,1
103,0,1,34.0,0,1,1,3,9,0,10,0,4,7,0,0,0,0,1,1,0,0,0,1
104,0,0,40.0,0,1,0,1,4,0,0,0,6,10,0,0,0,0,1,1,0,0,0,1
105,1,0,44.0,0,1,0,9,11,1,7,1,5,7,0,0,0,1,0,1,0,0,0,1
106,1,2,50.0,1,0,0,1,0,1,0,0,3,10,0,1,0,0,0,1,0,0,0,1
107,1,1,54.0,0,1,0,1,0,1,0,0,3,7,0,0,1,0,0,1,0,0,0,1
108,1,2,44.0,0,1,0,0,0,1,4,0,5,8,0,1,0,0,0,1,0,0,0,1
109,1,1,32.0,0,1,0,9,4,1,5,1,3,9,0,0,0,1,0,1,0,0,0,1
110,0,2,32.0,0,1,0,1,10,1,5,1,3,9,0,1,0,0,0,1,0,0,0,1
111,1,0,47.0,0,1,0,0,2,1,0,1,6,7,0,0,0,1,0,1,0,0,0,1
112,0,0,30.0,1,2,0,8,9,1,6,1,6,10,0,1,0,0,0,1,0,0,0,1
113,1,0,31.0,0,1,0,10,3,1,0,0,3,8,1,1,0,0,0,1,0,0,0,1
114,0,0,39.0,0,1,0,9,5,1,0,0,3,10,0,0,0,1,0,1,0,0,0,1
115,1,0,40.0,0,1,0,0,2,1,7,0,5,7,0,0,0,0,1,1,0,0,0,1
117,0,0,52.0,1,0,0,8,10,1,0,0,5,7,1,0,0,0,1,1,0,0,0,1
118,1,0,33.0,0,1,0,8,9,0,5,1,3,7,0,0,0,0,1,1,0,0,0,1
119,1,2,47.0,0,1,0,8,10,1,0,0,5,9,1,1,0,0,0,0,1,0,0,1
120,1,0,53.0,1,0,0,4,9,1,5,0,3,9,0,0,0,0,1,1,0,0,0,1
123,1,1,40.0,0,1,0,9,10,1,7,0,4,10,0,0,0,0,1,0,1,0,0,1
130,0,2,31.0,0,1,0,9,9,1,4,0,3,7,0,0,0,0,1,1,0,0,0,1
134,0,1,41.0,0,1,0,3,2,0,2,0,4,7,1,0,0,0,1,0,0,1,0,1
135,0,1,41.0,1,2,0,9,9,1,4,0,6,10,0,0,0,0,1,1,0,0,0,1
137,0,2,30.0,0,1,1,9,4,1,0,0,6,7,0,1,0,0,0,1,0,0,0,1
146,1,0,36.0,0,1,0,8,2,1,6,1,3,9,1,1,0,0,0,1,0,0,0,1
148,1,0,53.0,0,1,0,8,10,1,0,0,3,7,1,0,0,0,1,1,0,0,0,1
150,0,1,39.0,0,1,0,8,2,1,0,0,6,9,0,1,0,0,0,1,0,0,0,1
154,0,0,48.0,0,1,0,8,9,0,5,0,6,9,0,0,0,0,1,1,0,0,0,1
158,1,2,50.0,1,2,0,0,0,1,2,0,4,10,0,0,0,0,1,1,0,0,0,1
162,1,0,41.0,1,4,0,1,6,1,7,1,6,10,0,0,0,0,1,1,0,0,0,1
165,1,2,53.0,1,0,0,1,0,1,7,0,6,7,1,1,0,0,0,1,0,0,1,0
167,1,2,51.0,0,1,0,0,9,1,4,0,6,7,0,1,0,0,0,1,0,0,0,1
171,1,1,31.0,0,1,0,8,3,1,12,0,4,10,0,0,0,0,1,1,0,0,0,1
175,0,2,50.0,0,1,0,0,10,1,0,0,4,8,0,0,0,1,0,1,0,0,0,1
178,1,0,40.0,0,1,0,1,0,1,4,0,5,10,0,0,0,0,1,1,0,0,0,1
182,0,2,54.0,1,4,0,8,10,1,0,0,5,7,0,0,0,0,1,1,0,0,0,1
185,0,2,39.0,0,1,0,0,10,0,0,0,5,10,1,0,0,1,0,1,0,0,1,0
186,1,2,41.0,0,1,0,1,9,1,0,0,3,7,1,0,0,0,1,1,0,0,0,1
188,1,2,41.0,0,1,0,1,0,1,4,0,4,9,0,0,0,0,1,1,0,0,1,0
190,0,0,29.0,0,1,0,6,5,0,2,0,3,8,1,0,0,0,1,1,0,0,0,1
201,1,0,42.0,0,1,0,0,9,1,0,0,4,7,0,0,0,0,1,1,0,0,1,0
205,0,2,30.0,0,1,0,1,7,1,9,1,3,10,1,1,0,0,0,1,0,0,0,1
206,1,0,54.0,0,1,1,8,6,1,4,0,4,8,1,0,0,0,1,1,0,0,0,1
207,0,1,47.0,0,1,0,7,2,0,0,0,6,10,1,0,0,0,1,1,0,0,0,1
209,0,0,46.0,0,1,0,9,8,0,9,0,5,8,0,0,0,0,1,1,0,0,0,1
210,1,1,41.0,1,0,0,3,0,1,7,0,3,9,0,0,0,0,1,1,0,0,0,1
211,1,1,41.0,0,1,0,9,0,1,2,0,6,7,0,0,0,1,0,1,0,0,0,1
212,0,1,42.0,0,1,1,0,8,1,10,0,6,8,0,1,0,0,0,1,0,0,0,1
213,0,0,32.0,0,1,0,0,9,1,5,1,5,10,0,1,0,0,0,1,0,0,0,1
214,1,0,35.0,0,1,1,2,5,0,4,1,3,8,0,0,0,0,1,1,0,0,0,1
215,0,0,45.0,0,1,0,7,9,1,0,0,6,10,0,0,1,0,0,1,0,0,0,1
216,1,0,35.0,1,4,0,0,7,1,7,0,6,9,0,0,0,1,0,0,1,0,0,1
217,0,0,47.0,0,1,0,4,0,0,12,0,4,10,0,0,0,0,1,1,0,0,0,1
218,1,0,34.0,0,1,0,0,3,1,7,1,6,8,0,1,0,0,0,1,0,0,0,1
219,0,1,44.0,0,1,0,9,0,0,0,0,6,7,0,0,0,0,1,1,0,0,0,1
220,1,0,38.0,0,1,0,8,2,1,12,0,6,10,0,0,0,1,0,1,0,0,0,1
221,1,2,49.0,0,1,0,3,5,0,0,0,5,8,0,0,0,0,1,0,1,0,0,1
222,0,0,47.0,0,1,0,8,0,1,2,0,4,10,0,0,0,0,1,1,0,0,0,1
223,0,2,48.0,0,1,0,1,7,0,6,0,6,10,1,0,0,0,1,1,0,0,0,1
224,1,2,52.0,0,1,0,10,9,1,10,1,4,8,0,0,0,1,0,1,0,0,0,1
225,1,0,29.0,1,4,0,0,6,1,4,0,6,9,0,0,0,0,1,1,0,0,0,1
226,1,2,44.0,0,1,0,9,6,0,0,0,3,9,0,0,1,0,0,0,1,0,0,1
227,1,1,50.0,0,1,1,0,0,1,0,0,6,10,0,0,0,1,0,1,0,0,0,1
228,0,0,34.0,0,1,0,8,10,1,0,0,3,7,0,0,0,0,1,1,0,0,0,1
229,0,2,53.0,0,1,0,9,0,0,0,0,6,7,0,0,0,0,1,0,1,0,0,1
230,1,0,47.0,0,1,1,9,10,1,12,0,6,8,0,0,0,0,1,1,0,0,0,1
231,1,1,53.0,0,1,0,5,0,1,7,0,3,7,0,0,0,0,1,1,0,0,0,1
232,0,2,36.0,0,1,0,8,2,0,0,0,4,8,0,0,0,1,0,1,0,0,0,1
233,1,2,43.0,0,1,0,1,0,1,7,0,3,7,0,0,0,1,0,1,0,0,0,1
234,0,0,44.0,0,1,0,8,10,0,12,0,6,9,1,0,0,0,1,0,0,1,0,1
235,0,0,50.0,0,1,0,8,9,0,11,0,5,9,1,0,0,0,1,0,0,1,0,1
236,0,0,55.0,0,1,0,8,8,0,10,0,3,7,0,0,0,0,1,0,0,1,0,1
237,0,2,29.0,0,1,0,6,8,0,10,0,5,10,1,0,0,0,1,0,0,1,0,1
238,0,2,28.0,0,1,0,0,0,1,0,0,4,8,0,0,0,1,0,1,0,0,1,0
239,1,0,35.0,0,1,0,1,0,1,7,0,5,9,0,0,0,0,1,1,0,0,0,1
240,1,1,46.0,0,1,0,2,4,0,4,0,6,7,0,0,1,0,0,1,0,0,0,1
241,1,2,50.0,0,1,0,8,6,1,0,0,5,7,0,0,0,1,0,1,0,0,0,1
242,0,2,33.0,0,1,1,6,8,0,10,0,3,10,0,0,0,0,1,0,0,1,0,1
243,0,1,34.0,0,1,0,0,2,0,0,0,6,7,0,0,0,0,1,1,0,0,0,1
244,1,0,40.0,0,1,0,1,0,1,7,0,5,9,0,0,0,0,1,1,0,0,0,1
245,0,0,33.0,0,1,0,1,5,0,7,0,3,7,0,0,0,0,1,1,0,0,0,1
246,0,1,52.0,0,1,0,8,6,1,0,1,5,8,0,0,0,1,0,1,0,0,0,1
247,1,0,54.0,0,1,0,1,0,1,12,1,3,7,0,1,0,0,0,1,0,0,0,1
248,0,1,38.0,0,1,0,1,10,1,11,1,3,10,0,0,0,0,1,1,0,0,0,1
249,1,2,43.0,0,1,1,2,5,1,5,1,5,10,0,0,1,0,0,1,0,0,0,1
250,1,2,45.0,0,1,0,3,4,1,4,0,3,8,0,0,1,0,0,1,0,0,0,1
251,1,0,52.0,0,1,0,1,3,0,5,0,6,9,1,0,0,0,1,0,0,1,0,1
252,0,0,37.0,0,1,0,4,4,1,0,0,3,9,0,0,0,0,1,1,0,0,0,1
253,1,0,41.0,0,1,0,9,0,1,6,0,5,10,0,0,0,0,1,1,0,0,0,1
254,1,0,45.0,0,1,0,0,10,1,2,0,5,10,1,0,0,0,1,1,0,0,0,1
255,0,2,53.0,0,1,0,3,10,0,0,0,5,10,0,0,0,0,1,0,1,0,0,1
256,1,2,39.0,0,1,0,0,10,1,0,0,4,8,1,0,0,0,1,1,0,0,1,0
257,1,1,32.0,0,1,0,9,3,1,7,0,6,10,0,0,0,1,0,1,0,0,0,1
258,0,2,50.0,0,1,0,6,8,0,10,0,3,8,1,0,0,0,1,1,0,0,0,1
259,0,2,33.0,0,1,0,9,0,1,0,0,5,9,0,0,0,1,0,1,0,0,0,1
260,0,0,46.0,0,1,0,9,8,0,0,0,6,7,0,0,0,1,0,0,1,0,0,1
261,0,0,30.0,0,1,0,9,4,1,0,0,3,8,0,0,0,1,0,0,0,1,1,0
262,1,2,55.0,0,1,0,9,2,1,12,1,5,10,0,1,0,0,0,1,0,0,0,1
263,1,2,30.0,0,1,0,9,0,1,0,0,5,8,0,0,0,1,0,1,0,0,0,1
264,1,0,34.0,0,1,0,9,11,1,5,0,5,7,1,1,0,0,0,1,0,0,0,1
265,0,0,39.0,0,1,0,1,0,0,0,0,3,10,0,0,0,1,0,0,1,0,0,1
266,0,0,41.0,0,1,0,2,6,1,0,0,4,10,0,1,0,0,0,1,0,0,0,1
267,1,0,39.0,0,1,0,1,5,1,4,1,4,7,1,1,0,0,0,1,0,0,0,1
268,1,1,35.0,0,1,0,8,3,1,2,1,3,7,0,0,0,1,0,1,0,0,0,1
269,0,2,34.0,0,1,0,1,6,0,2,0,4,7,0,0,0,0,1,0,1,0,0,1
270,1,1,55.0,0,1,0,0,3,1,0,1,3,7,0,1,0,0,0,1,0,0,0,1
271,1,1,47.0,0,1,0,9,9,1,7,1,3,10,0,0,0,1,0,1,0,0,0,1
272,1,2,45.0,0,1,0,8,9,1,4,1,4,8,0,1,0,0,0,1,0,0,0,1
273,0,0,31.0,0,1,0,1,2,0,2,0,4,8,0,0,0,0,1,0,0,1,0,1
274,0,2,41.0,0,1,0,5,5,0,0,0,3,8,0,1,0,0,0,1,0,0,0,1
275,1,2,42.0,0,1,0,9,10,1,9,1,6,9,0,0,1,0,0,1,0,0,0,1
276,0,0,36.0,0,1,0,4,11,1,0,0,5,7,0,0,1,0,0,1,0,0,0,1
277,0,0,54.0,0,1,0,9,4,0,12,0,5,8,0,0,1,0,0,1,0,0,1,0
278,0,2,44.0,0,1,0,1,4,1,0,0,6,10,0,1,0,0,0,1,0,0,0,1
279,0,0,47.0,0,1,0,9,9,1,5,0,5,10,0,0,0,0,1,1,0,0,0,1
280,0,1,47.0,0,1,0,0,9,1,0,0,3,9,0,0,0,0,1,1,0,0,0,1
281,1,0,29.0,0,1,0,8,8,1,12,1,4,8,0,0,0,0,1,1,0,0,0,1
282,0,0,41.0,0,1,0,0,4,1,0,0,6,9,0,0,0,0,1,1,0,0,0,1
283,0,2,50.0,0,1,0,4,4,1,7,1,6,10,0,0,0,0,1,1,0,0,0,1
284,0,0,54.0,0,1,0,1,0,1,0,0,3,9,0,0,0,0,1,1,0,0,1,0
285,0,0,48.0,0,1,0,0,0,0,9,1,4,8,0,0,0,0,1,1,0,0,0,1
286,0,2,41.0,0,1,0,9,11,1,0,1,3,7,0,1,0,0,0,1,0,0,1,0
287,1,0,29.0,0,1,0,0,11,1,7,0,5,7,0,0,0,0,1,1,0,0,0,1
288,1,2,34.0,0,1,0,8,0,1,7,0,4,7,1,0,0,0,1,1,0,0,0,1
289,1,0,29.0,1,4,0,9,11,1,7,0,5,9,0,0,0,0,1,1,0,0,0,1
290,1,1,33.0,0,1,0,8,4,1,0,0,3,10,0,0,0,1,0,1,0,0,0,1
291,0,0,43.0,1,2,0,1,0,1,7,0,5,9,1,0,0,0,1,1,0,0,0,1
292,1,2,32.0,0,1,0,8,11,1,7,0,5,8,0,0,0,0,1,1,0,0,0,1
293,1,1,29.0,0,1,0,1,10,1,7,0,6,8,0,0,0,0,1,0,1,0,0,1
294,0,2,48.0,1,2,0,8,9,1,0,0,3,10,1,0,0,0,1,1,0,0,0,1
295,1,1,54.0,1,4,0,0,5,1,11,0,4,8,0,1,0,0,0,1,0,0,0,1
296,1,1,42.0,0,1,0,0,5,0,6,0,3,7,0,0,0,0,1,1,0,0,0,1
297,0,0,35.0,0,1,0,3,9,1,7,0,5,7,0,0,0,0,1,1,0,0,0,1
298,0,1,40.0,0,1,0,9,9,1,0,0,3,8,0,0,0,0,1,1,0,0,0,1
299,1,1,37.0,0,1,0,8,3,1,12,0,3,7,0,0,0,0,1,1,0,0,1,0
300,1,2,31.0,0,1,0,0,10,1,7,0,4,8,0,1,0,0,0,1,0,0,0,1
301,0,2,55.0,0,1,0,8,10,1,0,1,6,9,0,0,0,0,1,1,0,0,0,1
302,1,2,40.0,0,1,0,9,10,1,12,1,5,7,0,1,0,0,0,1,0,0,0,1
303,1,2,37.0,0,1,0,9,0,1,4,0,6,9,0,0,0,1,0,1,0,0,1,0
304,1,2,30.0,0,1,0,9,5,1,0,1,4,8,0,0,1,0,0,1,0,0,0,1
305,1,1,45.0,0,1,1,9,0,1,4,0,6,10,0,0,0,1,0,1,0,0,0,1
306,0,0,28.0,0,1,0,3,5,1,4,0,6,8,0,0,1,0,0,1,0,0,0,1
307,0,1,44.0,0,1,0,8,7,1,7,0,4,9,0,0,1,0,0,1,0,0,0,1
308,1,1,33.0,0,1,0,7,10,1,0,0,5,10,1,0,0,1,0,1,0,0,0,1
309,1,1,32.0,0,1,0,8,10,1,7,1,5,9,0,0,0,0,1,1,0,0,1,0
310,1,2,37.0,0,1,1,9,10,1,0,0,4,9,0,0,0,0,1,1,0,0,0,1
311,1,1,39.0,0,1,0,1,0,1,0,0,6,9,0,0,0,0,1,1,0,0,0,1
312,1,1,35.0,0,1,0,1,10,1,5,0,6,9,0,0,0,1,0,0,1,0,0,1
313,0,0,36.0,0,1,0,1,9,1,12,0,6,10,0,0,0,1,0,0,0,1,0,1
314,0,2,40.0,1,2,0,1,7,0,9,0,5,9,0,0,0,0,1,0,0,1,0,1
315,0,2,48.0,0,1,0,0,10,1,4,0,6,8,0,0,0,0,1,1,0,0,0,1
316,0,2,51.0,0,1,0,1,10,1,5,1,4,9,0,1,0,0,0,1,0,0,0,1
317,1,2,28.0,1,2,0,9,10,1,0,1,3,7,1,0,0,0,1,1,0,0,0,1
318,1,2,44.0,0,1,0,0,10,1,0,0,3,10,0,0,0,0,1,0,1,0,0,1
319,0,2,34.0,0,1,0,8,4,1,0,0,6,8,0,0,0,1,0,1,0,0,1,0
320,1,1,49.0,0,1,0,9,10,1,4,0,6,9,0,0,0,1,0,1,0,0,1,0
321,1,1,48.0,0,1,0,9,9,1,0,0,4,7,0,0,0,1,0,0,1,0,0,1
322,1,1,53.0,0,1,0,9,10,1,0,0,4,9,0,0,0,1,0,1,0,0,0,1
323,1,1,46.0,0,1,0,1,4,1,4,0,4,7,0,0,0,1,0,1,0,0,0,1
324,1,0,47.0,0,1,0,1,8,1,7,0,5,9,0,0,0,1,0,1,0,0,0,1
325,1,1,55.0,0,1,0,2,9,1,6,1,6,7,1,0,0,0,1,1,0,0,0,1
326,0,2,37.0,0,1,0,9,0,0,2,0,5,10,0,0,0,0,1,1,0,0,0,1
327,1,2,37.0,0,1,0,1,0,1,5,0,4,7,0,1,0,0,0,1,0,0,0,1
328,1,1,31.0,0,1,0,8,4,1,7,0,6,7,0,0,0,1,0,1,0,0,0,1
329,0,1,42.0,0,1,1,1,9,0,11,0,6,9,0,0,1,0,0,0,0,1,0,1
330,0,2,46.0,0,1,0,8,4,0,6,0,5,10,0,0,1,0,0,0,0,1,0,1
331,1,0,50.0,1,4,0,9,10,0,12,0,3,7,0,0,0,0,1,0,0,1,0,1
332,1,0,51.0,1,4,0,9,9,1,7,0,4,9,1,1,0,0,0,1,0,0,1,0
333,1,2,30.0,0,1,0,9,10,1,7,1,5,7,0,0,0,1,0,1,0,0,0,1
334,1,1,47.0,0,1,0,6,0,1,5,0,5,8,0,0,0,0,1,1,0,0,0,1
335,1,1,33.0,0,1,0,9,2,1,7,0,6,7,0,0,1,0,0,1,0,0,0,1
336,0,1,29.0,1,0,0,6,0,1,4,0,4,8,0,0,0,0,1,1,0,0,0,1
337,0,2,54.0,0,1,0,9,0,1,4,1,3,8,0,0,0,1,0,1,0,0,0,1
338,1,1,35.0,0,1,0,3,10,1,0,1,3,8,0,0,0,1,0,1,0,0,0,1
339,0,1,45.0,1,2,0,2,0,1,4,0,5,9,0,0,0,0,1,1,0,0,0,1
340,1,2,53.0,0,1,0,9,10,1,0,0,4,10,0,1,0,0,0,1,0,0,0,1
341,0,2,48.0,0,1,0,0,9,1,0,0,3,7,0,0,0,0,1,1,0,0,0,1
342,0,2,36.0,0,1,0,0,9,0,0,0,3,7,0,0,0,1,0,0,1,0,1,0
343,1,1,45.0,0,1,0,8,5,1,0,1,4,9,0,1,0,0,0,1,0,0,0,1
344,1,0,41.0,0,1,0,3,5,1,5,1,5,9,1,1,0,0,0,1,0,0,0,1
345,0,2,54.0,1,2,0,9,0,0,0,0,6,8,0,0,0,0,1,1,0,0,0,1
346,1,2,35.0,0,1,0,3,5,1,7,0,3,8,1,0,0,1,0,1,0,0,1,0
347,0,1,46.0,1,4,0,8,10,1,10,1,3,8,0,0,0,1,0,1,0,0,0,1
348,0,2,53.0,1,0,0,8,10,1,0,0,4,8,0,0,0,1,0,1,0,0,0,1
349,0,0,38.0,0,1,0,8,10,1,0,0,6,10,0,0,0,0,1,1,0,0,0,1
350,1,1,39.0,0,1,0,1,7,1,12,1,5,10,1,0,0,1,0,1,0,0,0,1
351,0,0,32.0,1,2,0,8,10,0,0,0,3,10,0,0,0,0,1,0,0,1,0,1
352,1,1,37.0,0,1,0,9,0,1,4,0,6,9,0,1,0,0,0,1,0,0,0,1
353,1,1,53.0,0,1,0,5,10,1,7,1,5,8,0,0,0,1,0,1,0,0,1,0
354,1,2,53.0,0,1,0,10,0,1,5,0,5,7,0,1,0,0,0,1,0,0,0,1
355,1,2,48.0,1,2,0,10,0,1,0,0,5,9,0,1,0,0,0,1,0,0,0,1
356,1,0,50.0,1,4,0,9,3,1,4,0,4,7,0,0,0,0,1,1,0,0,1,0
357,1,2,53.0,0,1,0,1,0,1,7,0,4,10,0,0,0,1,0,1,0,0,0,1
358,0,0,49.0,0,1,0,10,8,0,6,0,3,10,0,0,0,0,1,1,0,0,0,1
359,1,2,41.0,1,4,0,5,9,1,7,0,6,10,0,0,0,1,0,0,1,0,0,1
360,1,1,30.0,0,1,0,9,8,1,4,0,5,8,1,0,0,1,0,1,0,0,1,0
361,0,2,54.0,1,0,0,9,9,1,0,0,6,8,0,1,0,0,0,1,0,0,1,0
362,1,2,50.0,1,4,0,1,10,1,4,0,4,8,0,0,0,0,1,1,0,0,0,1
363,0,2,35.0,0,1,0,1,2,1,2,1,6,10,0,0,0,1,0,1,0,0,1,0
364,0,2,46.0,0,1,0,9,9,1,0,1,4,10,0,0,0,1,0,1,0,0,0,1
365,1,2,51.0,0,1,0,1,0,0,5,0,3,7,0,0,0,1,0,1,0,0,0,1
366,0,1,30.0,0,1,0,1,10,1,7,0,3,7,0,1,0,0,0,1,0,0,1,0
367,0,1,40.0,1,4,0,7,7,1,7,0,3,7,0,0,0,0,1,1,0,0,0,1
368,0,0,42.0,1,4,0,3,10,1,12,0,3,8,0,0,0,0,1,1,0,0,0,1
369,1,1,54.0,1,2,0,6,2,1,4,0,4,7,0,0,0,0,1,1,0,0,0,1
370,0,0,54.0,1,4,0,8,3,0,4,0,6,10,0,0,0,0,1,1,0,0,0,1
371,1,0,48.0,0,1,0,10,11,1,0,0,4,7,0,0,0,1,0,1,0,0,0,1
372,1,1,46.0,0,1,0,6,2,1,4,0,3,8,0,0,0,1,0,1,0,0,1,0
373,1,0,45.0,0,1,0,3,0,1,4,0,5,10,0,1,0,0,0,1,0,0,0,1
374,0,1,45.0,0,1,1,9,3,0,2,0,4,9,0,0,0,0,1,0,1,0,0,1
375,0,2,49.0,0,1,0,0,0,0,0,0,4,8,0,0,1,0,0,0,0,1,0,1
376,0,2,36.0,0,1,0,8,0,0,0,0,5,9,0,0,1,0,0,0,0,1,0,1
377,1,0,32.0,0,1,0,3,0,1,12,1,4,7,1,1,0,0,0,1,0,0,0,1
378,1,1,30.0,0,1,0,3,0,1,5,1,6,7,0,0,0,1,0,1,0,0,0,1
379,1,0,51.0,0,1,0,9,9,1,6,0,6,10,0,0,0,1,0,1,0,0,0,1
380,1,2,33.0,0,1,0,0,2,1,7,1,4,10,0,0,0,1,0,1,0,0,0,1
381,0,1,28.0,0,1,0,9,3,0,0,0,3,7,0,0,0,0,1,1,0,0,0,1
382,1,2,50.0,0,1,0,3,10,1,5,1,5,9,1,1,0,0,0,1,0,0,0,1
383,1,0,53.0,0,1,0,8,10,1,0,0,4,10,0,0,0,1,0,1,0,0,0,1
384,1,0,52.0,0,1,0,9,6,1,5,0,3,10,0,0,1,0,0,1,0,0,1,0
385,0,2,33.0,0,1,0,8,8,0,10,0,4,8,1,0,0,0,1,0,0,1,0,1
386,0,2,45.0,0,1,0,9,0,1,2,0,6,7,0,0,0,0,1,1,0,0,0,1
387,1,2,33.0,1,4,0,8,10,1,2,1,3,8,1,1,0,0,0,1,0,0,0,1
388,1,1,47.0,0,1,0,8,10,1,0,0,4,8,0,0,0,1,0,1,0,0,1,0
389,1,2,31.0,0,1,0,8,10,1,3,0,5,7,0,1,0,0,0,1,0,0,0,1
390,1,0,44.0,0,1,0,8,3,1,4,0,5,8,0,0,0,1,0,1,0,0,0,1
391,0,0,36.0,0,1,0,1,5,1,4,0,6,10,0,0,1,0,0,1,0,0,0,1
392,1,0,50.0,0,1,0,6,4,1,0,1,6,8,0,0,0,1,0,1,0,0,1,0
393,1,2,53.0,0,1,0,8,2,1,11,1,5,7,0,0,0,1,0,1,0,0,0,1
394,1,1,33.0,0,1,0,9,4,1,0,0,3,7,1,0,0,1,0,1,0,0,0,1
395,1,0,45.0,0,1,0,8,3,1,2,0,3,9,0,1,0,0,0,1,0,0,0,1
396,1,2,50.0,1,4,0,1,10,0,0,0,5,7,1,1,0,0,0,0,1,0,1,0
397,0,0,36.0,0,1,0,6,2,1,0,0,4,8,0,0,1,0,0,1,0,0,0,1
398,1,1,49.0,0,1,0,1,9,1,0,0,6,10,0,0,0,1,0,1,0,0,0,1
399,1,0,55.0,0,1,0,0,6,0,0,1,4,10,0,1,0,0,0,1,0,0,0,1
400,1,0,44.0,0,1,0,9,2,1,0,0,4,8,0,0,0,1,0,1,0,0,1,0
401,0,0,45.0,0,1,0,6,10,1,12,0,4,10,0,0,0,1,0,0,0,1,0,1
402,0,0,37.0,0,1,0,1,9,1,10,0,4,9,0,1,0,0,0,1,0,0,0,1
403,1,0,55.0,0,1,0,1,0,1,4,1,5,10,0,0,0,1,0,1,0,0,1,0
404,1,2,54.0,0,1,0,3,10,1,0,0,4,8,0,0,0,1,0,1,0,0,0,1
405,1,1,30.0,0,1,0,9,10,1,0,0,4,9,1,0,0,1,0,0,1,0,0,1
406,1,1,54.0,0,1,0,0,4,1,0,0,4,9,0,0,1,0,0,1,0,0,0,1
407,1,2,40.0,0,1,0,8,5,1,0,0,5,8,0,0,0,1,0,1,0,0,0,1
408,1,0,34.0,0,1,0,3,4,1,5,0,5,7,0,0,0,1,0,1,0,0,0,1
409,1,0,35.0,0,1,0,9,10,0,0,0,5,9,1,1,0,0,0,0,1,0,0,1
410,1,1,52.0,0,1,0,1,0,1,0,0,3,10,1,0,0,1,0,1,0,0,0,1
411,1,1,39.0,1,0,0,3,6,1,0,0,6,9,0,0,0,1,0,1,0,0,0,1
412,0,1,43.0,0,1,0,3,9,1,11,1,5,9,0,0,0,1,0,1,0,0,0,1
413,0,1,44.0,0,1,0,1,4,1,0,0,4,8,0,0,0,1,0,0,1,0,0,1
414,0,2,40.0,0,1,0,1,0,1,0,0,3,7,0,0,0,1,0,1,0,0,1,0
415,1,0,52.0,0,1,0,9,3,1,12,1,4,7,0,1,0,0,0,1,0,0,0,1
416,0,0,39.0,0,1,0,9,2,1,0,1,4,9,0,0,0,1,0,1,0,0,0,1
417,0,2,53.0,0,1,0,9,0,1,5,1,6,10,0,0,0,1,0,1,0,0,0,1
418,1,0,31.0,0,1,0,8,0,1,0,0,5,9,0,0,0,1,0,1,0,0,0,1
419,1,1,32.0,0,1,0,8,10,1,12,1,4,8,0,0,0,1,0,1,0,0,0,1
420,1,2,53.0,0,1,0,3,2,1,0,0,5,10,0,0,1,0,0,1,0,0,0,1
421,0,2,41.0,0,1,0,1,0,1,0,0,5,7,0,1,0,0,0,1,0,0,0,1
422,0,2,41.0,0,1,0,8,9,1,8,0,4,8,0,0,1,0,0,1,0,0,0,1
423,1,2,36.0,0,1,0,1,10,1,2,1,6,10,0,1,0,0,0,1,0,0,0,1
424,1,2,49.0,0,1,0,1,9,1,0,1,5,8,0,1,0,0,0,1,0,0,1,0
425,0,1,50.0,0,1,0,1,1,1,2,1,3,9,1,0,0,1,0,1,0,0,0,1
426,0,0,32.0,0,1,0,9,0,1,2,1,5,8,0,0,0,1,0,1,0,0,0,1
427,0,1,53.0,0,1,0,9,10,1,11,1,6,10,0,1,0,0,0,1,0,0,0,1
428,1,0,40.0,0,1,0,1,0,1,0,0,6,10,0,0,0,1,0,1,0,0,0,1
429,1,2,49.0,0,1,0,9,2,1,0,1,3,7,0,1,0,0,0,1,0,0,0,1
430,0,2,47.0,0,1,0,8,10,0,0,0,6,8,0,0,1,0,0,1,0,0,0,1
431,0,1,37.0,1,4,0,9,4,1,9,1,5,7,0,1,0,0,0,1,0,0,0,1
432,0,0,49.0,1,4,0,0,0,1,4,0,5,7,0,0,0,1,0,1,0,0,0,1
433,1,2,44.0,0,1,0,9,5,1,0,0,6,9,0,1,0,0,0,1,0,0,0,1
434,0,1,43.0,0,1,0,8,10,1,10,1,4,7,0,0,1,0,0,1,0,0,0,1
435,0,2,47.0,0,1,0,8,3,1,9,0,5,9,0,0,1,0,0,1,0,0,0,1
436,0,2,45.0,0,1,0,1,10,1,0,0,6,10,0,0,0,1,0,1,0,0,0,1
437,1,2,51.0,0,1,0,3,6,1,0,0,4,9,0,1,0,0,0,1,0,0,0,1
438,1,1,48.0,0,1,1,9,10,1,6,0,5,10,0,0,1,0,0,1,0,0,0,1
439,1,0,37.0,0,1,0,1,5,1,0,0,4,8,1,0,0,1,0,1,0,0,0,1
440,1,1,33.0,0,1,0,9,10,1,5,0,6,8,0,0,1,0,0,1,0,0,0,1
441,1,1,46.0,0,1,0,0,0,1,7,1,5,8,0,0,0,1,0,1,0,0,0,1
443,1,1,40.0,1,4,0,3,10,1,0,0,6,7,0,0,0,1,0,1,0,0,0,1
447,0,1,34.0,0,1,0,1,11,1,0,0,3,7,0,0,0,1,0,1,0,0,0,1
450,0,0,32.0,0,1,0,1,0,0,0,0,3,7,0,0,0,0,1,1,0,0,0,1
451,1,1,44.0,0,1,0,7,5,1,0,0,6,10,0,0,1,0,0,1,0,0,0,1
452,0,2,47.0,0,1,0,9,9,0,2,0,6,8,1,1,0,0,0,0,1,0,0,1
453,1,1,45.0,0,1,0,1,0,1,0,0,3,7,0,0,0,1,0,1,0,0,1,0
454,0,0,45.0,0,1,0,1,2,1,0,0,4,10,0,0,0,0,1,1,0,0,0,1
455,0,2,54.0,0,1,0,8,5,0,0,0,4,9,0,0,0,0,1,1,0,0,0,1
456,0,1,49.0,0,1,0,3,6,1,4,1,4,10,0,1,0,0,0,1,0,0,0,1
457,0,2,34.0,0,1,0,4,10,1,0,0,3,8,0,0,0,0,1,1,0,0,0,1
458,1,2,44.0,0,1,0,9,10,1,2,0,4,9,0,1,0,0,0,0,1,0,0,1
459,0,1,53.0,0,1,0,9,3,1,4,1,4,7,0,1,0,0,0,1,0,0,0,1
460,1,2,33.0,0,1,0,8,9,1,11,0,6,8,0,0,0,1,0,1,0,0,0,1
461,1,2,36.0,0,1,0,8,9,1,6,1,5,10,0,0,0,1,0,1,0,0,0,1
462,1,2,53.0,0,1,0,4,10,1,11,1,6,10,0,0,0,1,0,1,0,0,0,1
463,0,1,47.0,0,1,0,9,10,1,4,0,6,10,0,0,0,0,1,1,0,0,0,1
464,0,2,34.0,0,1,0,9,0,1,6,0,6,10,0,0,1,0,0,1,0,0,0,1
465,0,1,54.0,0,1,0,9,11,0,2,0,4,9,0,0,1,0,0,1,0,0,1,0
466,1,1,52.0,0,1,0,10,0,0,0,0,4,8,1,1,0,0,0,0,0,1,1,0
467,1,1,52.0,0,1,1,10,9,1,2,0,5,9,0,0,0,1,0,0,1,0,0,1
468,1,2,38.0,1,2,0,1,9,1,5,0,4,7,0,1,0,0,0,1,0,0,0,1
469,0,0,53.0,0,1,0,8,3,0,11,0,3,9,0,1,0,0,0,1,0,0,0,1
470,0,2,30.0,0,1,0,1,2,1,10,1,5,9,0,0,0,1,0,1,0,0,0,1
471,1,1,49.0,0,1,0,1,4,1,0,0,5,8,0,0,0,1,0,1,0,0,0,1
472,1,1,41.0,0,1,0,9,2,1,1,0,4,10,0,0,0,1,0,1,0,0,1,0
473,1,1,55.0,0,1,0,1,0,1,7,0,6,7,0,0,0,1,0,1,0,0,0,1
474,0,0,32.0,0,1,0,1,3,0,0,0,3,7,0,1,0,0,0,1,0,0,1,0
475,1,1,35.0,0,1,0,9,11,1,0,1,3,9,0,1,0,0,0,1,0,0,0,1
476,1,1,37.0,0,1,0,1,4,1,0,0,6,8,1,0,1,0,0,1,0,0,1,0
477,1,2,49.0,0,1,0,9,2,1,0,0,3,8,1,1,0,0,0,1,0,0,0,1
478,1,2,53.0,0,1,0,9,2,1,0,0,6,8,0,1,0,0,0,1,0,0,0,1
479,1,2,53.0,0,1,0,5,10,1,4,0,6,8,1,1,0,0,0,1,0,0,1,0
480,1,2,43.0,0,1,0,8,0,1,7,1,5,9,0,1,0,0,0,1,0,0,0,1
481,1,1,32.0,0,1,0,8,10,1,4,0,3,7,0,0,0,0,1,1,0,0,1,0
482,1,2,28.0,0,1,0,8,0,1,0,1,6,9,1,1,0,0,0,1,0,0,1,0
483,0,1,42.0,0,1,0,9,10,1,0,0,3,7,0,0,0,1,0,1,0,0,1,0
484,0,1,49.0,0,1,0,0,0,1,6,1,3,7,0,0,0,1,0,1,0,0,1,0
485,0,2,29.0,0,1,0,1,0,0,0,0,3,10,0,0,0,0,1,0,0,1,1,0
486,1,0,47.0,0,1,0,9,10,1,7,1,5,10,0,0,0,1,0,1,0,0,0,1
487,0,1,28.0,0,1,0,1,10,0,0,0,3,7,0,0,0,1,0,1,0,0,1,0
488,1,2,49.0,0,1,0,9,10,1,0,0,4,10,0,1,0,0,0,0,1,0,0,1
489,0,1,36.0,0,1,0,0,0,1,7,0,6,7,0,1,0,0,0,1,0,0,0,1
490,1,1,39.0,0,1,0,1,10,1,2,0,3,9,1,1,0,0,0,1,0,0,1,0
491,0,2,38.0,0,1,0,2,0,1,7,0,6,9,0,0,0,1,0,1,0,0,1,0
492,1,1,49.0,0,1,0,9,10,1,0,0,4,8,0,1,0,0,0,1,0,0,0,1
493,0,1,35.0,0,1,0,8,9,0,0,0,4,7,0,0,1,0,0,1,0,0,0,1
494,0,0,32.0,0,1,0,9,10,0,11,0,3,10,0,0,1,0,0,1,0,0,0,1
495,0,2,47.0,0,1,0,6,0,1,0,0,4,9,0,0,0,1,0,1,0,0,0,1
496,0,0,51.0,0,1,0,6,10,1,0,0,5,8,0,0,0,1,0,1,0,0,0,1
497,0,2,46.0,0,1,0,0,10,1,4,0,6,9,0,1,0,0,0,1,0,0,0,1
498,0,2,41.0,1,4,0,6,10,1,4,0,3,10,0,0,1,0,0,1,0,0,0,1
499,0,1,28.0,1,4,0,8,0,1,0,0,5,7,1,1,0,0,0,1,0,0,0,1
500,1,2,36.0,1,4,0,9,2,0,2,0,3,8,0,0,1,0,0,0,0,1,0,1
501,0,0,51.0,1,2,0,6,9,1,0,0,5,10,1,0,0,0,1,1,0,0,1,0
502,0,0,29.0,1,4,0,6,5,0,7,0,6,9,1,0,0,0,1,0,0,1,1,0
503,1,1,44.0,0,1,0,8,11,1,4,0,6,8,0,1,0,0,0,1,0,0,0,1
504,1,0,31.0,0,1,0,8,2,1,0,0,3,8,1,1,0,0,0,1,0,0,0,1
505,0,0,52.0,1,4,0,6,10,1,0,0,4,10,0,0,0,1,0,1,0,0,1,0
506,0,1,32.0,1,2,0,6,0,1,0,0,3,10,0,0,0,1,0,1,0,0,0,1
507,0,2,32.0,0,1,0,9,10,1,4,0,3,8,1,0,0,1,0,1,0,0,0,1
508,0,0,49.0,1,4,0,8,9,0,0,0,3,7,0,0,0,0,1,1,0,0,1,0
509,0,0,28.0,1,2,0,8,10,0,12,0,6,7,1,0,0,0,1,0,0,1,1,0
511,1,0,35.0,0,1,0,9,0,1,4,0,3,7,1,1,0,0,0,1,0,0,1,0
512,1,1,38.0,0,1,0,8,11,1,4,0,5,8,0,1,0,0,0,1,0,0,0,1
513,1,0,49.0,0,1,0,8,2,1,0,0,3,9,1,1,0,0,0,1,0,0,0,1
514,0,0,34.0,1,4,0,6,10,1,0,0,3,10,0,0,0,1,0,1,0,0,1,0
515,0,1,44.0,1,2,0,6,0,1,0,0,3,7,0,0,0,1,0,1,0,0,0,1
517,1,2,50.0,0,1,0,9,10,1,2,0,6,9,0,1,0,0,0,0,1,0,0,1
518,0,1,38.0,0,1,0,9,3,1,4,1,4,10,0,1,0,0,0,1,0,0,0,1
520,1,2,52.0,0,1,0,8,9,1,6,1,5,7,0,0,0,1,0,1,0,0,0,1
521,1,2,50.0,0,1,0,4,10,1,11,1,6,10,0,0,0,1,0,1,0,0,0,1
523,0,1,52.0,0,1,0,1,10,1,12,0,5,7,1,0,0,1,0,1,0,0,0,1
524,1,1,32.0,0,1,0,1,9,1,0,1,3,9,0,0,1,0,0,1,0,0,0,1
525,1,2,29.0,0,1,0,7,5,1,5,1,5,9,1,1,0,0,0,1,0,0,1,0
526,1,1,29.0,0,1,0,7,4,1,0,1,5,9,0,0,0,1,0,1,0,0,1,0
527,0,1,47.0,1,4,0,1,0,1,0,0,5,8,0,0,1,0,0,1,0,0,0,1
528,1,0,40.0,1,2,0,1,0,1,0,0,6,7,0,0,0,1,0,0,1,0,0,1
529,0,1,31.0,1,4,0,9,4,1,9,1,3,7,0,1,0,0,0,1,0,0,0,1
530,0,0,44.0,1,4,0,0,0,1,4,0,6,7,0,0,0,1,0,1,0,0,0,1
531,1,2,54.0,0,1,0,9,5,1,0,0,6,8,0,1,0,0,0,1,0,0,0,1
532,0,1,28.0,0,1,0,8,10,1,10,1,4,8,0,0,1,0,0,1,0,0,0,1
533,0,2,34.0,0,1,0,8,3,1,9,0,5,10,0,0,1,0,0,1,0,0,0,1
534,0,2,36.0,0,1,0,1,10,1,0,0,6,10,0,0,0,1,0,1,0,0,0,1
535,1,2,43.0,0,1,0,3,6,1,0,0,5,9,0,1,0,0,0,1,0,0,0,1
536,0,1,29.0,0,1,0,3,9,1,0,0,3,7,0,1,0,0,0,1,0,0,1,0
537,0,1,30.0,0,1,0,3,9,1,11,1,3,9,0,0,0,1,0,1,0,0,0,1
538,0,1,46.0,0,1,0,1,4,1,0,0,4,9,0,0,0,1,0,0,1,0,0,1
539,0,2,39.0,0,1,0,1,0,1,0,0,6,7,0,0,0,1,0,1,0,0,1,0
541,0,0,43.0,0,1,0,9,2,1,0,1,3,9,0,0,0,1,0,1,0,0,0,1
542,0,2,29.0,0,1,0,9,0,1,5,1,6,9,0,0,0,1,0,1,0,0,0,1
543,1,2,42.0,0,1,0,7,9,1,12,1,6,8,0,1,0,0,0,1,0,0,1,0
544,1,2,55.0,1,2,0,10,0,1,0,0,4,9,0,1,0,0,0,1,0,0,0,1
545,1,2,40.0,0,1,0,1,0,1,7,0,6,10,0,0,0,1,0,1,0,0,0,1
546,0,0,36.0,0,1,0,10,8,0,6,0,3,9,0,0,0,0,1,1,0,0,0,1
547,1,2,37.0,1,4,0,5,9,1,7,0,6,9,0,0,0,1,0,0,1,0,0,1
548,1,1,38.0,0,1,0,9,8,1,4,0,6,8,1,0,0,1,0,1,0,0,1,0
549,0,2,36.0,1,0,0,9,9,1,0,0,3,8,0,1,0,0,0,1,0,0,1,0
550,1,2,48.0,0,1,1,9,0,1,0,0,4,9,0,0,0,0,1,1,0,0,0,1
551,1,1,35.0,0,1,0,9,10,1,0,0,3,10,1,1,0,0,0,1,0,0,0,1
552,1,2,41.0,0,1,0,0,0,1,0,0,4,7,1,0,0,1,0,1,0,0,1,0
553,0,0,53.0,0,1,0,1,9,1,12,0,5,10,0,0,0,1,0,0,0,1,0,1
554,0,1,44.0,0,1,0,9,10,1,11,1,6,10,0,1,0,0,0,1,0,0,0,1
555,0,2,46.0,0,1,0,4,0,1,12,1,5,9,1,1,0,0,0,1,0,0,0,1
556,1,0,29.0,0,1,0,9,10,1,12,0,3,7,1,0,0,1,0,1,0,0,0,1
557,1,0,42.0,0,1,0,8,9,1,0,0,6,7,0,0,1,0,0,1,0,0,1,0
558,0,1,39.0,0,1,0,6,7,1,9,0,5,10,1,1,0,0,0,1,0,0,0,1
559,0,1,37.0,0,1,0,3,9,1,0,0,6,7,0,1,0,0,0,1,0,0,1,0
560,0,1,49.0,0,1,0,3,9,1,11,1,3,9,0,0,0,1,0,1,0,0,0,1
561,0,1,43.0,0,1,0,1,4,1,0,0,4,10,0,0,0,1,0,0,1,0,0,1
562,1,2,42.0,0,1,0,8,0,0,4,0,4,8,0,1,0,0,0,1,0,0,0,1
563,1,2,54.0,0,1,0,9,2,1,4,0,5,7,0,0,0,1,0,1,0,0,1,0
564,1,1,49.0,0,1,0,3,2,1,0,1,6,10,0,0,0,1,0,1,0,0,0,1
565,0,2,51.0,0,1,0,8,0,0,4,0,4,8,0,1,0,0,0,1,0,0,0,1
566,1,0,53.0,0,1,0,8,2,1,0,0,6,10,0,1,0,0,0,1,0,0,0,1
567,1,0,38.0,1,4,0,8,3,1,4,0,3,10,0,0,0,1,0,1,0,0,0,1
568,1,0,28.0,0,1,0,10,11,1,4,0,3,7,0,0,0,1,0,1,0,0,0,1
569,1,0,30.0,0,1,0,8,6,1,7,0,4,7,1,0,0,1,0,1,0,0,0,1
570,1,1,55.0,0,1,0,1,10,1,2,1,4,8,1,1,0,0,0,1,0,0,1,0
571,1,0,37.0,1,4,0,1,9,1,4,0,4,10,0,0,0,1,0,1,0,0,0,1
572,1,0,42.0,0,1,0,9,6,1,5,1,5,7,0,0,1,0,0,1,0,0,1,0
573,1,1,33.0,0,1,0,9,10,1,4,0,3,7,0,0,1,0,0,1,0,0,0,1
574,1,0,36.0,1,4,0,5,10,1,2,1,3,8,1,1,0,0,0,1,0,0,0,1
575,0,0,38.0,1,2,0,8,9,1,7,0,3,8,0,0,0,0,1,1,0,0,0,1
576,0,1,33.0,0,1,0,0,5,0,3,0,5,7,0,0,0,0,1,1,0,0,0,1
577,1,1,38.0,0,1,0,8,5,1,0,0,6,8,0,1,0,0,0,1,0,0,0,1
578,0,1,36.0,0,1,0,3,0,1,7,0,6,10,0,0,0,1,0,1,0,0,0,1
579,1,2,36.0,0,1,0,3,5,1,0,0,6,9,0,1,0,0,0,1,0,0,1,0
580,0,2,53.0,0,1,0,9,2,1,4,0,6,7,1,1,0,0,0,1,0,0,1,0
581,0,0,50.0,0,1,0,9,9,1,7,0,6,9,1,0,0,0,1,1,0,0,0,1
582,0,0,46.0,0,1,0,9,9,0,11,0,5,7,1,0,0,0,1,0,0,1,1,0
583,0,0,37.0,1,4,1,9,3,1,2,0,5,9,0,0,0,1,0,0,0,1,0,1
584,0,1,43.0,1,0,0,9,2,1,5,1,3,9,0,0,0,1,0,1,0,0,0,1
585,0,0,48.0,1,2,0,8,9,1,6,1,6,8,0,1,0,0,0,1,0,0,0,1
586,0,0,37.0,1,4,0,8,8,1,0,0,4,8,0,0,0,1,0,1,0,0,0,1
587,0,1,52.0,1,4,0,8,10,1,10,1,3,7,0,0,0,1,0,1,0,0,0,1
590,0,0,42.0,0,1,0,1,3,0,0,0,6,7,0,1,0,0,0,1,0,0,1,0
591,0,1,41.0,0,1,0,9,10,1,0,0,3,10,0,0,0,1,0,1,0,0,1,0
592,0,1,47.0,0,1,0,0,0,1,6,1,4,7,0,0,0,1,0,1,0,0,1,0
593,0,1,29.0,0,1,0,1,10,0,0,0,3,7,0,0,0,1,0,1,0,0,1,0
594,0,0,46.0,1,4,0,6,10,1,0,0,5,10,0,0,0,1,0,1,0,0,1,0
595,0,0,36.0,1,4,0,6,10,1,0,0,5,10,0,0,0,1,0,1,0,0,1,0
596,0,1,34.0,0,1,0,3,9,1,0,0,4,7,0,1,0,0,0,1,0,0,1,0
597,0,1,51.0,0,1,0,3,9,1,0,0,4,7,0,1,0,0,0,1,0,0,1,0
598,0,1,51.0,1,4,0,8,10,1,10,1,3,7,0,0,0,1,0,1,0,0,0,1
599,0,0,44.0,0,1,0,9,4,1,0,0,5,8,0,0,0,1,0,0,0,1,1,0
600,0,1,33.0,0,1,0,1,10,1,7,0,3,7,0,1,0,0,0,1,0,0,1,0
601,0,0,46.0,0,1,0,1,3,0,0,0,5,7,0,1,0,0,0,1,0,0,1,0
602,0,0,45.0,1,4,1,9,3,1,2,0,5,10,0,0,0,1,0,0,0,1,0,1
603,0,1,45.0,0,1,0,3,2,1,4,1,5,9,1,0,0,1,0,1,0,0,0,1
604,0,2,50.0,1,4,0,9,10,1,0,1,5,7,0,0,0,1,0,1,0,0,1,0
605,0,1,37.0,0,1,0,8,9,0,0,0,5,8,0,0,0,0,1,1,0,0,0,1
606,0,0,40.0,1,4,0,0,0,1,0,1,3,9,1,0,0,1,0,1,0,0,0,1
607,0,2,44.0,1,0,0,3,11,0,0,0,3,7,1,0,1,0,0,0,1,0,0,1
609,1,0,51.0,0,1,0,9,0,1,4,0,6,7,0,0,0,1,0,1,0,0,0,1
610,1,1,49.0,0,1,0,9,10,1,0,1,6,8,1,1,0,0,0,1,0,0,0,1
611,0,1,40.0,1,4,0,1,10,1,0,0,4,7,0,0,0,1,0,1,0,0,0,1
612,0,0,46.0,0,1,0,0,6,0,12,0,6,9,0,0,0,0,1,1,0,0,0,1
613,1,0,38.0,0,1,0,1,10,1,0,1,3,9,1,1,0,0,0,1,0,0,0,1
614,0,1,52.0,0,1,0,9,7,1,4,1,4,7,0,1,0,0,0,1,0,0,0,1
615,0,0,55.0,0,1,1,9,9,1,0,0,5,9,0,0,0,1,0,0,0,1,0,1
616,0,0,51.0,1,4,1,9,3,1,2,0,5,8,0,0,0,1,0,0,0,1,0,1
617,0,0,41.0,0,1,0,9,8,0,0,0,4,7,0,0,0,1,0,0,1,0,0,1
618,0,1,44.0,1,4,0,8,10,1,10,1,3,8,0,0,0,1,0,1,0,0,0,1
619,0,0,43.0,0,1,0,6,10,1,12,0,4,10,0,0,0,1,0,0,0,1,0,1
620,0,1,49.0,0,1,0,9,10,1,11,1,6,10,0,1,0,0,0,1,0,0,0,1
622,0,0,29.0,1,4,1,9,3,1,2,0,5,10,0,0,0,1,0,0,0,1,0,1
623,0,1,32.0,1,4,0,8,10,1,10,1,3,10,0,0,0,1,0,1,0,0,0,1
624,0,1,55.0,1,4,0,8,10,1,10,1,3,8,0,0,0,1,0,1,0,0,0,1
626,0,0,35.0,1,4,0,0,0,1,0,1,5,9,1,0,0,1,0,1,0,0,0,1
627,0,1,55.0,1,4,0,1,7,0,0,0,3,10,0,0,1,0,0,1,0,0,0,1
628,1,1,54.0,0,1,0,8,11,1,0,0,4,8,1,1,0,0,0,1,0,0,0,1
629,1,0,54.0,0,1,0,8,2,0,0,0,4,10,0,0,1,0,0,0,1,0,1,0
630,1,0,45.0,0,1,0,9,4,1,0,1,3,7,0,0,1,0,0,1,0,0,0,1
632,1,0,37.0,0,1,0,8,10,0,0,0,5,9,0,0,1,0,0,1,0,0,0,1
633,1,0,28.0,0,1,0,9,5,0,7,0,4,7,0,0,1,0,0,0,0,1,0,1
634,1,0,39.0,1,2,0,9,10,1,7,0,4,7,0,0,0,1,0,0,1,0,0,1
635,1,0,38.0,1,4,0,7,9,1,0,0,6,10,1,0,0,1,0,1,0,0,1,0
636,1,1,37.0,0,1,0,8,10,1,2,1,3,10,1,1,0,0,0,1,0,0,0,1
637,1,0,55.0,0,1,0,8,10,1,0,0,6,7,0,0,1,0,0,1,0,0,1,0
638,0,0,47.0,0,1,0,9,2,0,0,0,6,8,1,0,0,1,0,0,1,0,1,0
639,0,0,32.0,1,4,0,2,2,0,2,0,3,10,1,0,0,0,1,0,0,1,0,1
640,0,1,53.0,0,1,0,9,9,1,7,0,5,8,0,1,0,0,0,1,0,0,0,1
641,0,1,40.0,0,1,0,8,3,0,0,0,6,7,1,0,0,1,0,1,0,0,1,0
642,1,0,48.0,0,1,0,6,11,1,0,1,5,7,0,1,0,0,0,1,0,0,0,1
643,0,0,29.0,0,1,0,1,5,0,2,0,4,10,0,1,0,0,0,1,0,0,0,1
644,1,0,39.0,0,1,0,6,0,1,4,0,5,7,0,0,0,1,0,1,0,0,0,1
646,1,1,53.0,0,1,0,9,0,1,4,0,6,10,0,0,0,1,0,1,0,0,0,1
649,1,1,55.0,0,1,0,8,2,0,0,0,6,8,0,0,0,1,0,0,1,0,0,1
651,1,0,41.0,0,1,0,9,9,1,7,1,3,7,0,0,0,1,0,1,0,0,0,1
654,0,2,44.0,0,1,0,8,5,1,12,1,5,9,0,0,0,1,0,1,0,0,0,1
656,1,0,34.0,1,4,0,9,2,1,0,0,3,7,0,0,0,1,0,1,0,0,1,0
657,0,1,40.0,1,4,0,9,4,1,9,1,5,7,0,1,0,0,0,1,0,0,0,1
658,0,1,28.0,1,4,0,8,0,1,0,0,6,7,1,1,0,0,0,1,0,0,0,1
661,0,1,37.0,1,4,0,1,7,0,0,0,5,10,0,0,1,0,0,1,0,0,0,1
664,1,0,43.0,0,1,0,1,0,1,12,1,3,7,0,1,0,0,0,1,0,0,0,1
665,1,2,44.0,0,1,1,2,5,1,5,1,5,7,0,0,1,0,0,1,0,0,0,1
666,0,1,44.0,0,1,0,9,10,1,11,1,6,10,0,1,0,0,0,1,0,0,0,1
667,0,1,38.0,0,1,0,9,10,1,11,1,6,9,0,1,0,0,0,1,0,0,0,1
668,1,0,46.0,0,1,0,9,6,1,5,1,3,7,0,0,1,0,0,1,0,0,1,0
669,1,0,50.0,0,1,0,1,10,1,0,1,3,10,1,1,0,0,0,0,1,0,0,1
670,0,1,47.0,0,1,0,9,10,1,11,1,6,9,0,1,0,0,0,0,1,0,0,1
671,0,1,41.0,0,1,0,9,10,1,11,1,6,10,0,1,0,0,0,0,1,0,0,1
672,1,0,29.0,0,1,0,9,4,1,0,1,3,7,0,0,1,0,0,0,1,0,0,1
673,1,0,29.0,0,1,0,6,11,1,0,1,5,9,0,1,0,0,0,0,1,0,0,1
674,1,2,51.0,1,2,0,8,10,1,12,1,5,9,1,1,0,0,0,0,1,0,0,1
675,1,0,53.0,0,1,0,8,2,1,6,1,3,9,1,1,0,0,0,1,0,0,0,1
676,1,0,36.0,0,1,0,1,0,1,12,1,3,7,0,1,0,0,0,1,0,0,0,1
677,1,2,39.0,0,1,1,2,5,1,5,1,5,10,0,0,1,0,0,0,1,0,0,1
678,0,1,49.0,0,1,0,9,10,1,11,1,6,7,0,1,0,0,0,0,1,0,0,1
679,0,1,36.0,0,1,0,9,10,1,11,1,6,7,0,1,0,0,0,0,1,0,0,1
680,1,0,54.0,0,1,0,9,6,1,5,1,3,7,0,0,1,0,0,0,1,0,1,0
681,1,0,47.0,0,1,0,1,10,1,0,1,3,8,1,1,0,0,0,0,1,0,0,1
688,0,1,47.0,1,0,0,9,10,1,11,1,6,10,0,1,0,0,0,0,1,0,1,0
689,0,1,54.0,1,2,0,6,10,1,11,1,3,10,0,1,0,0,0,1,0,0,1,0
690,0,1,39.0,1,2,0,5,8,1,10,1,6,10,0,1,0,0,0,1,0,0,1,0
692,0,1,52.0,1,0,0,0,7,1,11,1,6,10,0,1,0,0,0,0,1,0,1,0
693,0,1,36.0,1,0,0,5,8,1,11,1,3,9,0,1,0,0,0,0,1,0,1,0
694,0,1,35.0,1,0,0,0,6,1,11,1,6,8,0,1,0,0,0,0,1,0,0,1
695,0,1,45.0,1,0,0,8,7,1,2,1,5,8,0,1,0,0,0,0,1,0,1,0
696,0,1,47.0,1,0,0,4,8,1,12,1,4,10,0,1,0,0,0,0,1,0,1,0
698,0,1,46.0,1,0,0,0,7,1,9,0,4,7,1,1,0,0,0,0,1,0,1,0
699,0,0,45.0,0,1,0,0,6,0,12,0,5,9,0,0,0,0,1,1,0,0,0,1
700,1,0,53.0,0,1,0,1,10,1,0,1,3,8,1,1,0,0,0,1,0,0,0,1
701,0,1,29.0,0,1,0,9,7,1,4,1,4,10,0,1,0,0,0,1,0,0,0,1
702,0,0,43.0,0,1,1,9,9,1,0,0,5,10,0,0,0,1,0,0,0,1,0,1
703,0,0,47.0,1,4,1,9,3,1,2,0,5,8,0,0,0,1,0,0,0,1,0,1
704,0,0,49.0,0,1,0,9,8,0,0,0,6,7,0,0,0,1,0,0,1,0,0,1
705,0,1,39.0,1,4,0,8,10,1,10,1,3,7,0,0,0,1,0,1,0,0,0,1
706,0,0,29.0,0,1,0,6,10,1,12,0,4,9,0,0,0,1,0,0,0,1,0,1
707,0,1,34.0,0,1,0,9,10,1,11,1,6,8,0,1,0,0,0,1,0,0,0,1
708,0,1,48.0,0,1,0,9,10,1,11,1,6,10,0,1,0,0,0,1,0,0,0,1
709,0,0,36.0,1,4,1,9,3,1,2,0,5,8,0,0,0,1,0,0,0,1,0,1
710,0,1,39.0,1,4,0,8,10,1,10,1,3,10,0,0,0,1,0,1,0,0,0,1
711,0,1,42.0,1,4,0,8,10,1,10,1,3,8,0,0,0,1,0,1,0,0,0,1
712,0,0,40.0,1,4,1,9,3,1,2,0,5,9,0,0,0,1,0,0,0,1,0,1
713,0,0,37.0,1,4,0,0,0,1,0,1,5,9,1,0,0,1,0,1,0,0,0,1
714,0,1,31.0,1,4,0,1,7,0,0,0,6,10,0,0,1,0,0,1,0,0,0,1
715,1,1,28.0,0,1,0,8,11,1,0,0,6,8,1,1,0,0,0,1,0,0,0,1
716,1,0,46.0,0,1,0,8,2,0,0,0,4,9,0,0,1,0,0,0,1,0,1,0
717,1,0,30.0,0,1,0,9,4,1,0,1,3,9,0,0,1,0,0,1,0,0,0,1
718,1,0,53.0,0,1,0,1,0,1,0,0,6,10,1,1,0,0,0,1,0,0,0,1
719,1,0,55.0,0,1,0,8,10,0,0,0,5,8,0,0,1,0,0,1,0,0,0,1
720,1,0,51.0,0,1,0,9,5,0,7,0,4,7,0,0,1,0,0,0,0,1,0,1
721,1,0,46.0,1,2,0,9,10,1,7,0,4,10,0,0,0,1,0,0,1,0,0,1
722,1,0,45.0,1,4,0,7,9,1,0,0,6,10,1,0,0,1,0,1,0,0,1,0
723,1,1,45.0,0,1,0,8,10,1,2,1,3,10,1,1,0,0,0,1,0,0,0,1
724,1,0,32.0,0,1,0,8,10,1,0,0,4,7,0,0,1,0,0,1,0,0,1,0
725,0,0,37.0,0,1,0,9,2,0,0,0,4,8,1,0,0,1,0,0,1,0,1,0
726,0,0,54.0,1,4,0,2,2,0,2,0,3,7,1,0,0,0,1,0,0,1,0,1
727,0,1,35.0,0,1,0,9,9,1,7,0,5,10,0,1,0,0,0,1,0,0,0,1
728,0,1,28.0,0,1,0,8,3,0,0,0,3,7,1,0,0,1,0,1,0,0,1,0
729,1,0,38.0,0,1,0,6,11,1,0,1,5,7,0,1,0,0,0,1,0,0,0,1
730,0,0,52.0,0,1,0,1,5,0,2,0,4,8,0,1,0,0,0,1,0,0,0,1
731,1,0,35.0,0,1,0,6,0,1,4,0,5,8,0,0,0,1,0,1,0,0,0,1
732,1,0,47.0,0,1,0,6,10,1,12,1,5,7,0,0,0,1,0,1,0,0,0,1
733,1,1,35.0,0,1,0,9,0,1,4,0,6,7,0,0,0,1,0,1,0,0,0,1
734,0,1,37.0,0,1,0,0,3,0,0,0,3,7,1,0,1,0,0,1,0,0,1,0
735,1,0,54.0,0,1,0,8,6,1,4,0,4,8,0,1,0,0,0,1,0,0,0,1
736,1,1,54.0,0,1,0,8,2,0,0,0,3,8,0,0,0,1,0,0,1,0,0,1
737,1,1,43.0,0,1,0,3,4,1,5,0,6,9,0,0,0,1,0,1,0,0,0,1
738,1,0,50.0,0,1,0,9,9,1,7,1,3,9,0,0,0,1,0,1,0,0,0,1
739,1,0,42.0,0,1,0,3,2,1,0,0,4,10,0,0,0,1,0,0,1,0,0,1
740,1,0,53.0,0,1,0,0,4,1,7,0,4,8,0,0,0,1,0,1,0,0,1,0
741,0,2,32.0,0,1,0,8,5,1,12,1,5,7,0,0,0,1,0,1,0,0,0,1
742,1,0,51.0,1,4,0,9,9,1,7,1,3,8,0,0,1,0,0,1,0,0,1,0
743,1,0,46.0,1,4,0,9,2,1,0,0,5,7,0,0,0,1,0,1,0,0,1,0
744,0,1,53.0,1,4,0,9,4,1,9,1,4,7,0,1,0,0,0,1,0,0,0,1
745,0,1,40.0,1,4,0,8,0,1,0,0,3,7,1,1,0,0,0,1,0,0,0,1
746,0,1,46.0,1,4,0,1,0,1,0,0,3,8,0,0,1,0,0,1,0,0,0,1
747,0,1,44.0,1,4,0,9,4,1,9,1,4,7,0,1,0,0,0,1,0,0,0,1
748,0,1,53.0,1,4,0,1,7,0,0,0,3,10,0,0,1,0,0,1,0,0,0,1
749,1,2,29.0,1,2,0,8,10,1,12,1,5,9,1,1,0,0,0,1,0,0,0,1
750,1,0,46.0,0,1,0,8,2,1,6,1,3,9,1,1,0,0,0,1,0,0,0,1
751,1,0,41.0,0,1,0,1,0,1,12,1,3,7,0,1,0,0,0,1,0,0,0,1
752,1,2,34.0,0,1,1,2,5,1,5,1,5,7,0,0,1,0,0,1,0,0,0,1
753,0,1,35.0,0,1,0,9,10,1,11,1,6,9,0,1,0,0,0,1,0,0,0,1
754,0,1,55.0,0,1,0,9,10,1,11,1,6,8,0,1,0,0,0,1,0,0,0,1
756,1,0,46.0,0,1,0,1,10,1,0,1,3,8,1,1,0,0,0,0,1,0,0,1
757,0,1,52.0,0,1,0,9,10,1,11,1,6,8,0,1,0,0,0,0,1,0,0,1
765,0,2,40.0,0,1,0,9,10,1,11,1,6,8,0,1,0,0,0,0,1,0,0,1
767,1,2,37.0,0,1,0,9,6,1,5,1,5,7,0,0,1,0,0,0,1,0,1,0
768,1,2,40.0,0,1,0,1,10,1,0,1,3,9,1,1,0,0,0,0,1,0,0,1
772,1,2,36.0,0,1,0,6,11,1,0,1,5,8,0,1,0,0,0,0,1,0,1,0
774,0,2,29.0,1,0,0,9,10,1,11,1,6,8,0,0,0,0,1,0,1,0,1,0
775,0,2,44.0,1,0,0,9,10,1,11,1,6,7,0,0,0,0,1,0,1,0,1,0
778,0,2,50.0,1,0,0,1,6,1,11,1,4,10,0,0,0,0,1,0,1,0,1,0
779,0,2,42.0,1,0,0,0,7,1,11,1,4,10,0,0,0,0,1,0,1,0,1,0
782,0,2,45.0,1,0,0,8,7,1,2,1,5,7,0,0,0,0,1,0,1,0,1,0
785,0,2,33.0,1,0,0,0,7,1,9,0,6,7,1,0,0,0,1,0,1,0,1,0
787,1,0,38.0,1,2,0,1,6,1,4,0,6,10,0,0,0,0,1,1,0,0,0,1
788,1,2,28.0,0,1,0,0,4,1,0,0,3,8,0,1,0,0,0,1,0,0,0,1
789,1,2,46.0,0,1,0,10,5,1,4,0,6,10,0,0,0,0,1,1,0,0,0,1
790,1,1,34.0,0,1,0,0,4,1,0,0,6,7,0,0,0,0,1,1,0,0,1,0
791,0,2,33.0,0,1,1,9,10,0,5,0,3,7,0,0,0,0,1,1,0,0,0,1
792,1,2,37.0,0,1,1,1,2,1,4,0,6,10,0,0,0,0,1,1,0,0,1,0
802,0,1,45.0,0,1,1,9,9,0,0,0,3,10,0,0,0,0,1,1,0,0,0,1
803,1,0,34.0,0,1,0,4,10,1,0,0,3,7,0,0,0,0,1,1,0,0,1,0
804,0,1,53.0,0,1,0,7,7,0,9,0,3,7,1,0,0,0,1,0,0,1,0,1
805,0,1,37.0,0,1,0,3,3,1,0,0,6,10,0,0,0,1,0,0,0,1,0,1
806,1,1,29.0,0,1,0,1,10,1,0,0,4,8,0,0,0,0,1,1,0,0,1,0
