,Gender,Body_Size,Age_Range,With_Kids,Kids_Category,Basket_Size,Basket_colour,Shirt_Colour,shirt_type,Pants_Colour,pants_type,Washer_No,Dryer_No,Spectacles,Race_chinese,Race_foreigner ,Race_indian,Race_malay,Attire_casual,Attire_formal,Attire_traditional
0,1,0,55.0,0,1,0,1,0,1,4,1,5,10,0,0,0,1,0,1,0,0
1,1,0,54.0,0,1,1,8,6,1,4,0,4,8,1,0,0,0,1,1,0,0
2,0,0,38.0,0,1,0,8,10,1,0,0,6,10,0,0,0,0,1,1,0,0
3,0,1,47.0,1,4,0,1,0,1,0,0,5,8,0,0,1,0,0,1,0,0
4,1,1,28.0,1,4,0,8,2,1,0,1,3,10,0,0,0,0,1,1,0,0
5,1,2,35.0,0,1,0,3,5,1,7,0,3,8,1,0,0,1,0,1,0,0
6,1,1,54.0,0,1,0,1,0,1,0,0,3,7,0,0,1,0,0,1,0,0
7,0,0,28.0,0,1,0,3,5,1,4,0,6,8,0,0,1,0,0,1,0,0
8,1,2,41.0,0,1,0,1,9,1,0,0,3,7,1,0,0,0,1,1,0,0
9,0,1,55.0,1,4,0,1,7,0,0,0,3,10,0,0,1,0,0,1,0,0
10,0,1,47.0,0,1,0,7,2,0,0,0,6,10,1,0,0,0,1,1,0,0
11,0,1,32.0,1,2,0,6,0,1,0,0,3,10,0,0,0,1,0,1,0,0
12,1,2,37.0,0,1,1,9,10,1,0,0,4,9,0,0,0,0,1,1,0,0
13,1,0,51.0,0,1,0,9,5,0,7,0,4,7,0,0,1,0,0,0,0,1
14,1,0,37.0,0,1,0,1,5,1,0,0,4,8,1,0,0,1,0,1,0,0
15,0,1,47.0,0,1,0,0,0,1,6,1,4,7,0,0,0,1,0,1,0,0
16,1,0,28.0,0,1,0,10,11,1,4,0,3,7,0,0,0,1,0,1,0,0
17,1,0,38.0,0,1,0,6,11,1,0,1,5,7,0,1,0,0,0,1,0,0
18,0,1,37.0,1,4,0,9,4,1,9,1,5,7,0,1,0,0,0,1,0,0
19,0,2,42.0,1,0,0,0,7,1,11,1,4,10,0,0,0,0,1,0,1,0
20,1,0,29.0,0,1,0,8,8,1,12,1,4,8,0,0,0,0,1,1,0,0
21,1,2,53.0,0,1,0,8,2,1,11,1,5,7,0,0,0,1,0,1,0,0
22,0,0,47.0,0,1,0,9,9,1,5,0,5,10,0,0,0,0,1,1,0,0
23,0,0,46.0,0,1,0,9,8,0,9,0,5,8,0,0,0,0,1,1,0,0
24,0,0,42.0,1,2,0,5,0,1,0,0,5,9,0,0,0,0,1,1,0,0
25,0,0,40.0,0,1,0,1,4,0,0,0,6,10,0,0,0,0,1,1,0,0
26,0,2,34.0,0,1,0,9,0,1,6,0,6,10,0,0,1,0,0,1,0,0
27,0,0,43.0,0,1,0,6,10,1,12,0,4,10,0,0,0,1,0,0,0,1
28,1,1,39.0,0,1,0,1,7,1,12,1,5,10,1,0,0,1,0,1,0,0
29,0,0,52.0,1,4,0,6,10,1,0,0,4,10,0,0,0,1,0,1,0,0
30,0,1,52.0,0,1,0,9,7,1,4,1,4,7,0,1,0,0,0,1,0,0
31,1,1,34.0,0,1,0,1,2,1,12,0,3,9,0,0,0,1,0,1,0,0
32,0,0,44.0,0,1,0,8,10,0,12,0,6,9,1,0,0,0,1,0,0,1
33,0,0,42.0,0,1,0,1,3,0,0,0,6,7,0,1,0,0,0,1,0,0
34,1,0,46.0,0,1,0,1,10,1,0,1,3,8,1,1,0,0,0,0,1,0
35,1,1,32.0,0,1,0,1,9,1,0,1,3,9,0,0,1,0,0,1,0,0
36,0,2,41.0,0,1,0,9,11,1,0,1,3,7,0,1,0,0,0,1,0,0
37,0,1,49.0,0,1,0,3,6,1,4,1,4,10,0,1,0,0,0,1,0,0
38,1,0,45.0,1,4,0,7,9,1,0,0,6,10,1,0,0,1,0,1,0,0
39,1,0,46.0,0,1,0,9,6,1,5,1,3,7,0,0,1,0,0,1,0,0
40,1,1,45.0,0,1,0,8,5,1,0,1,4,9,0,1,0,0,0,1,0,0
41,1,1,38.0,0,1,0,8,11,1,4,0,5,8,0,1,0,0,0,1,0,0
42,1,0,47.0,0,1,0,6,10,1,12,1,5,7,0,0,0,1,0,1,0,0
43,0,0,51.0,1,4,1,9,3,1,2,0,5,8,0,0,0,1,0,0,0,1
44,1,1,46.0,0,1,0,2,4,0,4,0,6,7,0,0,1,0,0,1,0,0
45,1,0,46.0,0,1,0,8,2,0,0,0,4,9,0,0,1,0,0,0,1,0
46,1,1,47.0,0,1,0,9,9,1,7,1,3,10,0,0,0,1,0,1,0,0
47,1,1,55.0,0,1,0,2,9,1,6,1,6,7,1,0,0,0,1,1,0,0
48,1,1,55.0,0,1,0,8,2,0,0,0,6,8,0,0,0,1,0,0,1,0
49,1,1,39.0,1,0,0,3,6,1,0,0,6,9,0,0,0,1,0,1,0,0
50,0,0,32.0,0,1,0,0,9,1,5,1,5,10,0,1,0,0,0,1,0,0
51,0,0,36.0,0,1,0,1,5,0,0,0,4,8,0,0,0,0,1,1,0,0
52,0,0,30.0,1,2,0,8,9,1,6,1,6,10,0,1,0,0,0,1,0,0
53,0,2,32.0,0,1,0,9,10,1,4,0,3,8,1,0,0,1,0,1,0,0
54,1,0,39.0,0,1,0,6,0,1,4,0,5,7,0,0,0,1,0,1,0,0
55,1,1,32.0,0,1,0,8,10,1,4,0,3,7,0,0,0,0,1,1,0,0
56,0,1,29.0,0,1,0,1,10,0,0,0,3,7,0,0,0,1,0,1,0,0
57,1,2,34.0,0,1,0,8,0,1,7,0,4,7,1,0,0,0,1,1,0,0
58,0,1,45.0,0,1,1,9,9,0,0,0,3,10,0,0,0,0,1,1,0,0
59,1,1,35.0,0,1,0,9,11,1,0,1,3,9,0,1,0,0,0,1,0,0
60,0,2,33.0,0,1,0,8,8,0,10,0,4,8,1,0,0,0,1,0,0,1
61,0,2,33.0,0,1,0,9,0,1,0,0,5,9,0,0,0,1,0,1,0,0
62,1,2,36.0,0,1,0,8,9,1,6,1,5,10,0,0,0,1,0,1,0,0
63,1,1,41.0,0,1,0,9,2,1,1,0,4,10,0,0,0,1,0,1,0,0
64,1,0,51.0,0,1,0,9,9,1,6,0,6,10,0,0,0,1,0,1,0,0
65,1,0,37.0,1,4,0,1,9,1,4,0,4,10,0,0,0,1,0,1,0,0
66,0,1,42.0,0,1,1,0,8,1,10,0,6,8,0,1,0,0,0,1,0,0
67,0,1,46.0,0,1,0,1,5,0,0,0,3,7,0,0,1,0,0,0,1,0
68,1,0,41.0,0,1,0,3,4,1,0,0,3,10,0,0,0,0,1,1,0,0
69,1,2,44.0,0,1,0,9,6,0,0,0,3,9,0,0,1,0,0,0,1,0
70,1,2,42.0,0,1,0,7,9,1,12,1,6,8,0,1,0,0,0,1,0,0
71,0,1,39.0,0,1,0,6,7,1,9,0,5,10,1,1,0,0,0,1,0,0
72,0,1,43.0,0,1,0,3,9,1,11,1,5,9,0,0,0,1,0,1,0,0
73,0,1,53.0,1,4,0,9,4,1,9,1,4,7,0,1,0,0,0,1,0,0
74,0,2,29.0,0,1,0,6,8,0,10,0,5,10,1,0,0,0,1,0,0,1
75,1,2,53.0,0,1,0,4,10,1,11,1,6,10,0,0,0,1,0,1,0,0
76,0,2,55.0,1,3,0,1,3,0,7,0,4,7,0,0,0,0,1,1,0,0
77,0,0,54.0,1,4,0,2,2,0,2,0,3,7,1,0,0,0,1,0,0,1
78,0,2,47.0,0,1,0,6,0,1,0,0,4,9,0,0,0,1,0,1,0,0
79,0,0,48.0,0,1,0,0,0,0,9,1,4,8,0,0,0,0,1,1,0,0
80,1,0,41.0,0,1,0,9,0,1,6,0,5,10,0,0,0,0,1,1,0,0
81,1,2,32.0,0,1,0,9,0,1,0,0,6,8,0,0,0,0,1,1,0,0
82,1,2,53.0,1,4,0,9,3,0,2,0,6,8,0,0,0,0,1,0,1,0
83,0,2,54.0,1,4,0,8,10,1,0,0,5,7,0,0,0,0,1,1,0,0
84,0,1,44.0,0,1,0,1,4,1,0,0,4,8,0,0,0,1,0,0,1,0
85,1,2,42.0,0,1,0,8,0,0,4,0,4,8,0,1,0,0,0,1,0,0
86,0,2,54.0,0,1,0,9,0,1,4,1,3,8,0,0,0,1,0,1,0,0
87,1,2,35.0,0,1,0,9,10,0,0,0,3,7,0,0,0,1,0,0,1,0
88,1,1,55.0,0,1,0,1,10,1,13,0,3,8,1,0,0,0,1,1,0,0
89,1,0,47.0,0,1,0,9,10,1,7,1,5,10,0,0,0,1,0,1,0,0
90,1,2,50.0,1,4,0,1,10,1,4,0,4,8,0,0,0,0,1,1,0,0
91,1,1,52.0,0,1,0,1,0,1,0,0,3,10,1,0,0,1,0,1,0,0
92,0,2,46.0,0,1,0,9,9,1,0,1,4,10,0,0,0,1,0,1,0,0
93,0,1,50.0,0,1,0,1,1,1,2,1,3,9,1,0,0,1,0,1,0,0
94,1,1,33.0,0,1,0,7,10,1,0,0,5,10,1,0,0,1,0,1,0,0
95,1,2,51.0,0,1,0,3,6,1,0,0,4,9,0,1,0,0,0,1,0,0
96,0,0,39.0,0,1,0,9,2,1,0,1,4,9,0,0,0,1,0,1,0,0
97,1,0,39.0,0,1,0,1,5,1,4,1,4,7,1,1,0,0,0,1,0,0
98,1,1,49.0,0,1,1,9,2,0,0,0,6,10,1,0,0,1,0,0,1,0
99,1,1,53.0,0,1,0,9,0,1,4,0,6,10,0,0,0,1,0,1,0,0
100,1,1,52.0,0,1,1,10,9,1,2,0,5,9,0,0,0,1,0,0,1,0
101,0,1,29.0,0,1,0,3,9,1,0,0,3,7,0,1,0,0,0,1,0,0
102,1,2,39.0,0,1,1,2,5,1,5,1,5,10,0,0,1,0,0,0,1,0
103,1,2,30.0,0,1,0,9,0,1,0,0,5,8,0,0,0,1,0,1,0,0
104,1,2,52.0,0,1,0,10,9,1,10,1,4,8,0,0,0,1,0,1,0,0
105,1,0,45.0,0,1,0,0,10,1,2,0,5,10,1,0,0,0,1,1,0,0
106,0,1,55.0,0,1,0,1,5,0,0,0,4,8,0,0,0,0,1,0,1,0
107,0,2,34.0,0,1,0,4,10,1,0,0,3,8,0,0,0,0,1,1,0,0
108,1,0,42.0,0,1,0,3,2,1,0,0,4,10,0,0,0,1,0,0,1,0
109,1,1,54.0,0,1,0,0,4,1,0,0,4,9,0,0,1,0,0,1,0,0
110,0,2,50.0,0,1,0,6,8,0,10,0,3,8,1,0,0,0,1,1,0,0
111,0,1,53.0,0,1,0,9,8,0,10,0,4,7,1,0,0,0,1,0,0,1
112,1,2,50.0,0,1,0,4,10,1,11,1,6,10,0,0,0,1,0,1,0,0
113,0,0,28.0,1,2,0,8,10,0,12,0,6,7,1,0,0,0,1,0,0,1
114,0,2,39.0,0,1,0,1,0,1,0,0,6,7,0,0,0,1,0,1,0,0
115,0,2,47.0,0,1,0,9,9,0,2,0,6,8,1,1,0,0,0,0,1,0
116,0,2,34.0,0,1,0,8,4,1,0,0,6,8,0,0,0,1,0,1,0,0
117,1,0,34.0,0,1,0,3,4,1,5,0,5,7,0,0,0,1,0,1,0,0
118,0,2,32.0,0,1,0,1,10,1,5,1,3,9,0,1,0,0,0,1,0,0
119,1,2,50.0,0,1,0,3,10,1,5,1,5,9,1,1,0,0,0,1,0,0
120,1,2,30.0,0,1,1,7,10,1,0,1,6,10,0,0,0,1,0,1,0,0
121,1,0,38.0,1,4,0,7,9,1,0,0,6,10,1,0,0,1,0,1,0,0
122,0,1,33.0,0,1,0,1,10,1,7,0,3,7,0,1,0,0,0,1,0,0
123,0,1,44.0,1,4,0,8,10,1,10,1,3,8,0,0,0,1,0,1,0,0
124,0,1,52.0,0,1,0,1,10,1,12,0,5,7,1,0,0,1,0,1,0,0
125,1,1,32.0,0,1,0,10,11,1,0,0,3,9,1,0,0,0,1,1,0,0
126,1,2,50.0,0,1,0,8,6,1,0,0,5,7,0,0,0,1,0,1,0,0
127,1,2,43.0,0,1,0,3,6,1,0,0,5,9,0,1,0,0,0,1,0,0
128,0,0,50.0,0,1,0,8,9,0,11,0,5,9,1,0,0,0,1,0,0,1
129,1,1,49.0,0,1,0,1,4,1,0,0,5,8,0,0,0,1,0,1,0,0
130,0,0,37.0,1,4,0,0,0,1,0,1,5,9,1,0,0,1,0,1,0,0
131,1,0,48.0,0,1,0,7,9,1,0,1,5,7,0,0,0,1,0,1,0,0
132,1,0,53.0,0,1,0,1,0,1,0,0,6,10,1,1,0,0,0,1,0,0
133,0,2,36.0,0,1,0,8,0,0,0,0,5,9,0,0,1,0,0,0,0,1
134,1,0,52.0,0,1,0,9,6,1,5,0,3,10,0,0,1,0,0,1,0,0
135,0,0,54.0,1,4,0,8,3,0,4,0,6,10,0,0,0,0,1,1,0,0
136,1,0,41.0,0,1,0,1,0,1,12,1,3,7,0,1,0,0,0,1,0,0
137,0,1,28.0,0,1,0,9,3,0,0,0,3,7,0,0,0,0,1,1,0,0
138,1,1,49.0,0,1,0,9,10,1,4,0,6,9,0,0,0,1,0,1,0,0
139,1,0,55.0,0,1,0,8,10,0,0,0,5,8,0,0,1,0,0,1,0,0
140,1,2,53.0,0,1,0,3,2,1,0,0,5,10,0,0,1,0,0,1,0,0
141,1,0,38.0,0,1,0,8,2,1,12,0,6,10,0,0,0,1,0,1,0,0
142,1,0,33.0,0,1,0,8,9,0,5,1,3,7,0,0,0,0,1,1,0,0
143,0,2,33.0,1,0,0,0,7,1,9,0,6,7,1,0,0,0,1,0,1,0
144,1,1,49.0,0,1,0,9,10,1,0,1,6,8,1,1,0,0,0,1,0,0
145,1,1,40.0,1,4,0,3,10,1,0,0,6,7,0,0,0,1,0,1,0,0
146,1,2,40.0,0,1,0,1,10,1,0,1,3,9,1,1,0,0,0,0,1,0
147,0,1,35.0,0,1,0,9,10,1,11,1,6,9,0,1,0,0,0,1,0,0
148,0,0,46.0,0,1,0,9,8,0,0,0,6,7,0,0,0,1,0,0,1,0
149,0,2,50.0,1,0,0,1,6,1,11,1,4,10,0,0,0,0,1,0,1,0
150,1,1,35.0,0,1,0,3,10,1,0,1,3,8,0,0,0,1,0,1,0,0
151,0,0,53.0,0,1,0,8,3,0,11,0,3,9,0,1,0,0,0,1,0,0
152,0,1,28.0,1,4,0,8,0,1,0,0,6,7,1,1,0,0,0,1,0,0
153,0,1,49.0,0,1,0,3,9,1,11,1,3,9,0,0,0,1,0,1,0,0
154,1,1,54.0,1,4,0,0,5,1,11,0,4,8,0,1,0,0,0,1,0,0
155,0,0,43.0,1,2,0,1,0,1,7,0,5,9,1,0,0,0,1,1,0,0
156,1,0,35.0,1,4,0,0,7,1,7,0,6,9,0,0,0,1,0,0,1,0
157,0,1,52.0,1,4,0,8,10,1,10,1,3,7,0,0,0,1,0,1,0,0
158,1,0,41.0,0,1,0,9,9,1,7,1,3,7,0,0,0,1,0,1,0,0
159,1,0,34.0,0,1,0,9,11,1,5,0,5,7,1,1,0,0,0,1,0,0
160,0,2,30.0,0,1,0,1,7,1,9,1,3,10,1,1,0,0,0,1,0,0
161,0,0,31.0,0,1,0,8,4,0,6,0,4,9,1,0,0,0,1,0,0,1
162,0,1,41.0,0,1,0,9,10,1,12,0,5,10,0,0,1,0,0,1,0,0
163,1,0,42.0,0,1,0,0,9,1,0,0,4,7,0,0,0,0,1,1,0,0
164,1,0,35.0,0,1,0,9,0,1,4,0,3,7,1,1,0,0,0,1,0,0
165,1,0,51.0,1,4,0,9,9,1,7,1,3,8,0,0,1,0,0,1,0,0
166,1,2,49.0,0,1,0,9,2,1,0,1,3,7,0,1,0,0,0,1,0,0
167,1,1,44.0,0,1,0,7,5,1,0,0,6,10,0,0,1,0,0,1,0,0
168,1,0,53.0,0,1,0,1,10,1,0,1,3,8,1,1,0,0,0,1,0,0
169,0,1,48.0,0,1,0,9,10,1,11,1,6,10,0,1,0,0,0,1,0,0
170,1,2,50.0,1,2,0,0,0,1,2,0,4,10,0,0,0,0,1,1,0,0
171,1,2,48.0,0,1,1,9,0,1,0,0,4,9,0,0,0,0,1,1,0,0
172,0,1,49.0,0,1,0,9,10,1,11,1,6,10,0,1,0,0,0,1,0,0
173,0,1,33.0,0,1,0,0,5,0,3,0,5,7,0,0,0,0,1,1,0,0
174,0,0,45.0,0,1,0,1,2,1,0,0,4,10,0,0,0,0,1,1,0,0
175,0,1,45.0,0,1,0,3,2,1,4,1,5,9,1,0,0,1,0,1,0,0
176,0,1,40.0,0,1,0,9,9,1,0,0,3,8,0,0,0,0,1,1,0,0
177,0,0,33.0,0,1,0,1,5,0,7,0,3,7,0,0,0,0,1,1,0,0
178,1,2,45.0,0,1,0,3,4,1,4,0,3,8,0,0,1,0,0,1,0,0
179,1,2,42.0,0,1,1,8,3,0,2,0,4,8,0,0,0,0,1,1,0,0
180,0,2,36.0,0,1,0,1,10,1,0,0,6,10,0,0,0,1,0,1,0,0
181,1,1,45.0,0,1,0,8,10,1,2,1,3,10,1,1,0,0,0,1,0,0
182,1,0,53.0,0,1,0,8,2,1,0,0,6,10,0,1,0,0,0,1,0,0
183,0,2,41.0,0,1,0,8,9,1,8,0,4,8,0,0,1,0,0,1,0,0
184,1,1,53.0,0,1,0,5,10,1,7,1,5,8,0,0,0,1,0,1,0,0
185,0,0,40.0,1,4,1,9,3,1,2,0,5,9,0,0,0,1,0,0,0,1
186,0,1,28.0,0,1,0,8,10,1,10,1,4,8,0,0,1,0,0,1,0,0
187,0,1,47.0,0,1,0,9,10,1,4,0,6,10,0,0,0,0,1,1,0,0
188,1,0,44.0,0,1,0,9,11,1,7,1,5,7,0,0,0,1,0,1,0,0
189,0,1,30.0,0,1,0,1,9,1,0,0,4,10,0,0,0,0,1,1,0,0
190,1,1,33.0,0,1,0,9,10,1,5,0,6,8,0,0,1,0,0,1,0,0
191,1,1,48.0,0,1,0,9,9,1,0,0,4,7,0,0,0,1,0,0,1,0
192,0,2,29.0,1,0,0,9,10,1,11,1,6,8,0,0,0,0,1,0,1,0
193,0,1,52.0,0,1,0,8,6,1,0,1,5,8,0,0,0,1,0,1,0,0
194,1,2,31.0,0,1,0,8,10,1,3,0,5,7,0,1,0,0,0,1,0,0
195,0,2,48.0,0,1,0,0,9,1,0,0,3,7,0,0,0,0,1,1,0,0
196,0,0,29.0,1,4,1,9,3,1,2,0,5,10,0,0,0,1,0,0,0,1
197,0,1,40.0,1,4,0,9,4,1,9,1,5,7,0,1,0,0,0,1,0,0
198,1,0,35.0,0,1,1,2,5,0,4,1,3,8,0,0,0,0,1,1,0,0
199,0,0,49.0,1,4,0,8,9,0,0,0,3,7,0,0,0,0,1,1,0,0
200,1,0,34.0,0,1,0,4,10,1,0,0,3,7,0,0,0,0,1,1,0,0
201,1,0,55.0,0,1,0,8,10,1,0,0,6,7,0,0,1,0,0,1,0,0
202,1,0,54.0,0,1,0,8,2,0,0,0,4,10,0,0,1,0,0,0,1,0
203,0,0,36.0,0,1,0,4,11,1,0,0,5,7,0,0,1,0,0,1,0,0
204,0,0,49.0,0,1,0,9,8,0,0,0,6,7,0,0,0,1,0,0,1,0
205,1,2,53.0,0,1,0,9,2,1,0,0,6,8,0,1,0,0,0,1,0,0
206,1,1,35.0,0,1,0,8,3,1,2,1,3,7,0,0,0,1,0,1,0,0
207,1,1,45.0,0,1,0,1,0,1,0,0,3,7,0,0,0,1,0,1,0,0
208,1,2,28.0,0,1,0,8,0,1,0,1,6,9,1,1,0,0,0,1,0,0
209,0,0,50.0,0,1,0,9,9,1,7,0,6,9,1,0,0,0,1,1,0,0
210,1,0,46.0,1,2,0,9,10,1,7,0,4,10,0,0,0,1,0,0,1,0
211,1,0,54.0,0,1,0,9,6,1,5,1,3,7,0,0,1,0,0,0,1,0
212,0,0,36.0,1,4,0,6,10,1,0,0,5,10,0,0,0,1,0,1,0,0
213,1,2,36.0,0,1,0,3,5,1,0,0,6,9,0,1,0,0,0,1,0,0
214,0,0,55.0,0,1,0,8,8,0,10,0,3,7,0,0,0,0,1,0,0,1
215,1,0,35.0,0,1,0,6,0,1,4,0,5,8,0,0,0,1,0,1,0,0
216,1,2,53.0,0,1,0,10,0,1,5,0,5,7,0,1,0,0,0,1,0,0
217,1,2,49.0,0,1,0,9,10,1,0,0,4,10,0,1,0,0,0,0,1,0
218,0,1,36.0,0,1,0,3,0,1,7,0,6,10,0,0,0,1,0,1,0,0
219,1,0,30.0,0,1,0,8,6,1,7,0,4,7,1,0,0,1,0,1,0,0
220,0,1,39.0,1,4,0,8,10,1,10,1,3,7,0,0,0,1,0,1,0,0
221,1,0,36.0,0,1,0,1,0,1,12,1,3,7,0,1,0,0,0,1,0,0
222,1,2,48.0,1,2,0,10,0,1,0,0,5,9,0,1,0,0,0,1,0,0
223,1,0,51.0,1,4,0,9,9,1,7,0,4,9,1,1,0,0,0,1,0,0
224,1,2,43.0,0,1,0,1,0,1,7,0,3,7,0,0,0,1,0,1,0,0
225,0,0,29.0,1,4,1,9,3,1,2,0,5,8,0,0,0,1,0,0,0,1
226,0,2,30.0,0,1,1,9,4,1,0,0,6,7,0,1,0,0,0,1,0,0
227,1,0,40.0,1,2,0,1,0,1,0,0,6,7,0,0,0,1,0,0,1,0
228,1,0,44.0,0,1,0,8,3,1,4,0,5,8,0,0,0,1,0,1,0,0
229,1,1,54.0,0,1,1,9,4,1,4,0,5,7,0,0,0,0,1,1,0,0
230,0,1,53.0,0,1,0,9,3,1,4,1,4,7,0,1,0,0,0,1,0,0
231,1,1,46.0,0,1,0,0,0,1,7,1,5,8,0,0,0,1,0,1,0,0
232,0,2,49.0,0,1,0,1,3,0,0,0,5,9,0,0,0,0,1,1,0,0
233,1,2,34.0,0,1,1,2,5,1,5,1,5,7,0,0,1,0,0,1,0,0
234,1,1,37.0,0,1,0,8,3,1,12,0,3,7,0,0,0,0,1,1,0,0
235,1,1,49.0,0,1,0,3,2,1,0,1,6,10,0,0,0,1,0,1,0,0
236,1,2,36.0,1,4,0,9,2,0,2,0,3,8,0,0,1,0,0,0,0,1
237,1,0,46.0,0,1,0,8,2,1,6,1,3,9,1,1,0,0,0,1,0,0
238,0,1,40.0,1,4,0,1,10,1,0,0,4,7,0,0,0,1,0,1,0,0
239,0,1,43.0,1,0,0,9,2,1,5,1,3,9,0,0,0,1,0,1,0,0
240,0,2,30.0,0,1,0,1,2,1,10,1,5,9,0,0,0,1,0,1,0,0
241,1,2,40.0,0,1,0,1,0,1,7,0,6,10,0,0,0,1,0,1,0,0
242,1,2,44.0,0,1,0,0,10,1,0,0,3,10,0,0,0,0,1,0,1,0
243,0,0,37.0,0,1,0,1,9,1,10,0,4,9,0,1,0,0,0,1,0,0
244,0,0,47.0,1,4,1,9,3,1,2,0,5,8,0,0,0,1,0,0,0,1
245,0,0,34.0,1,4,0,6,10,1,0,0,3,10,0,0,0,1,0,1,0,0
246,0,0,36.0,0,1,0,6,2,1,0,0,4,8,0,0,1,0,0,1,0,0
247,1,1,32.0,0,1,0,9,4,1,5,1,3,9,0,0,0,1,0,1,0,0
248,0,1,28.0,1,4,0,8,0,1,0,0,5,7,1,1,0,0,0,1,0,0
249,1,0,45.0,0,1,0,8,3,1,2,0,3,9,0,1,0,0,0,1,0,0
250,1,2,28.0,1,2,0,9,10,1,4,0,4,10,0,0,0,0,1,1,0,0
251,0,0,37.0,1,4,0,8,8,1,0,0,4,8,0,0,0,1,0,1,0,0
252,0,2,39.0,0,1,0,1,2,0,13,1,6,7,0,1,0,0,0,1,0,0
253,1,1,38.0,0,1,0,9,8,1,4,0,6,8,1,0,0,1,0,1,0,0
254,1,0,47.0,0,1,0,1,10,1,0,1,3,8,1,1,0,0,0,0,1,0
255,0,1,44.0,0,1,0,9,10,1,11,1,6,10,0,1,0,0,0,1,0,0
256,1,2,29.0,1,2,0,8,10,1,12,1,5,9,1,1,0,0,0,1,0,0
257,1,0,35.0,0,1,0,9,10,0,0,0,5,9,1,1,0,0,0,0,1,0
258,0,1,46.0,1,4,0,1,0,1,0,0,3,8,0,0,1,0,0,1,0,0
259,1,2,28.0,1,2,0,9,10,1,0,1,3,7,1,0,0,0,1,1,0,0
260,0,0,42.0,0,1,1,9,9,1,0,0,5,7,0,0,0,1,0,0,0,1
261,0,0,49.0,0,1,0,10,8,0,6,0,3,10,0,0,0,0,1,1,0,0
262,0,1,51.0,0,1,0,3,9,1,0,0,4,7,0,1,0,0,0,1,0,0
263,1,2,39.0,0,1,0,0,10,1,0,0,4,8,1,0,0,0,1,1,0,0
264,1,0,29.0,1,4,0,0,6,1,4,0,6,9,0,0,0,0,1,1,0,0
265,1,2,54.0,0,1,0,9,5,1,0,0,6,8,0,1,0,0,0,1,0,0
266,1,0,50.0,0,1,0,1,10,1,0,1,3,10,1,1,0,0,0,0,1,0
267,0,2,28.0,0,1,0,0,0,1,0,0,4,8,0,0,0,1,0,1,0,0
268,1,1,35.0,0,1,0,1,10,1,5,0,6,9,0,0,0,1,0,0,1,0
269,0,0,29.0,0,1,0,6,5,0,2,0,3,8,1,0,0,0,1,1,0,0
270,1,0,29.0,0,1,0,6,11,1,0,1,5,9,0,1,0,0,0,0,1,0
271,0,1,47.0,0,1,0,9,10,1,11,1,6,9,0,1,0,0,0,0,1,0
272,1,2,51.0,1,2,0,8,10,1,12,1,5,9,1,1,0,0,0,0,1,0
273,0,2,48.0,0,1,0,0,10,1,4,0,6,8,0,0,0,0,1,1,0,0
274,0,0,29.0,0,1,0,6,10,1,12,0,4,9,0,0,0,1,0,0,0,1
275,1,0,29.0,1,4,0,9,11,1,7,0,5,9,0,0,0,0,1,1,0,0
276,0,2,40.0,1,2,0,1,7,0,9,0,5,9,0,0,0,0,1,0,0,1
277,0,1,35.0,0,1,0,9,9,1,7,0,5,10,0,1,0,0,0,1,0,0
278,1,2,30.0,0,1,0,9,5,1,0,1,4,8,0,0,1,0,0,1,0,0
279,1,1,47.0,0,1,0,6,0,1,5,0,5,8,0,0,0,0,1,1,0,0
280,1,2,41.0,1,4,0,5,9,1,7,0,6,10,0,0,0,1,0,0,1,0
281,1,1,38.0,0,1,0,8,5,1,0,0,6,8,0,1,0,0,0,1,0,0
282,0,1,34.0,0,1,1,3,9,0,10,0,4,7,0,0,0,0,1,1,0,0
283,1,1,49.0,0,1,0,8,0,1,2,1,4,8,0,0,0,1,0,1,0,0
284,0,1,28.0,0,1,0,1,10,0,0,0,3,7,0,0,0,1,0,1,0,0
285,0,2,51.0,0,1,0,1,10,1,5,1,4,9,0,1,0,0,0,1,0,0
286,1,0,44.0,0,1,0,9,2,1,0,0,4,8,0,0,0,1,0,1,0,0
287,0,1,55.0,1,4,0,8,10,1,10,1,3,8,0,0,0,1,0,1,0,0
288,1,1,46.0,0,1,0,1,4,1,4,0,4,7,0,0,0,1,0,1,0,0
289,0,2,53.0,0,1,0,9,0,0,0,0,6,7,0,0,0,0,1,0,1,0
290,0,2,54.0,0,1,0,8,5,0,0,0,4,9,0,0,0,0,1,1,0,0
291,1,1,41.0,0,1,0,9,0,1,2,0,6,7,0,0,0,1,0,1,0,0
292,0,0,41.0,0,1,0,2,6,1,0,0,4,10,0,1,0,0,0,1,0,0
293,0,1,40.0,1,4,0,7,7,1,7,0,3,7,0,0,0,0,1,1,0,0
294,0,1,44.0,0,1,0,8,7,1,7,0,4,9,0,0,1,0,0,1,0,0
295,0,2,36.0,1,0,0,9,9,1,0,0,3,8,0,1,0,0,0,1,0,0
296,0,1,45.0,0,1,0,6,9,0,0,0,3,7,0,0,0,0,1,0,1,0
297,0,1,45.0,0,1,1,9,3,0,2,0,4,9,0,0,0,0,1,0,1,0
298,1,0,50.0,0,1,0,9,9,1,7,1,3,9,0,0,0,1,0,1,0,0
299,1,0,40.0,0,1,0,0,2,1,7,0,5,7,0,0,0,0,1,1,0,0
300,1,0,28.0,0,1,0,9,5,0,7,0,4,7,0,0,1,0,0,0,0,1
301,1,0,43.0,0,1,0,1,0,1,12,1,3,7,0,1,0,0,0,1,0,0
302,0,1,53.0,0,1,0,9,10,1,11,1,6,10,0,1,0,0,0,1,0,0
303,1,1,39.0,0,1,0,1,0,1,0,0,3,8,0,0,1,0,0,1,0,0
304,1,2,33.0,1,4,0,8,10,1,2,1,3,8,1,1,0,0,0,1,0,0
305,0,2,53.0,0,1,0,9,2,1,4,0,6,7,1,1,0,0,0,1,0,0
306,0,0,32.0,0,1,0,9,0,1,2,1,5,8,0,0,0,1,0,1,0,0
307,1,2,49.0,0,1,0,3,5,0,0,0,5,8,0,0,0,0,1,0,1,0
308,0,0,32.0,1,2,0,8,10,0,0,0,3,10,0,0,0,0,1,0,0,1
309,1,1,31.0,0,1,0,8,4,1,7,0,6,7,0,0,0,1,0,1,0,0
310,1,1,29.0,0,1,0,7,4,1,0,1,5,9,0,0,0,1,0,1,0,0
311,1,1,52.0,0,1,0,10,0,0,0,0,4,8,1,1,0,0,0,0,0,1
312,0,0,30.0,0,1,0,9,4,1,0,0,3,8,0,0,0,1,0,0,0,1
313,1,0,53.0,1,0,0,4,9,1,5,0,3,9,0,0,0,0,1,1,0,0
314,1,0,29.0,0,1,0,9,10,1,12,0,3,7,1,0,0,1,0,1,0,0
315,0,0,47.0,0,1,0,4,0,0,12,0,4,10,0,0,0,0,1,1,0,0
316,1,2,43.0,0,1,0,8,0,1,7,1,5,9,0,1,0,0,0,1,0,0
317,0,1,39.0,1,2,0,5,8,1,10,1,6,10,0,1,0,0,0,1,0,0
318,0,1,37.0,1,4,0,1,7,0,0,0,5,10,0,0,1,0,0,1,0,0
319,0,0,38.0,1,2,0,8,9,1,7,0,3,8,0,0,0,0,1,1,0,0
320,1,0,48.0,0,1,0,8,0,1,2,1,5,10,0,0,0,1,0,1,0,0
321,1,1,41.0,1,0,0,3,0,1,7,0,3,9,0,0,0,0,1,1,0,0
322,1,2,43.0,0,1,1,2,5,1,5,1,5,10,0,0,1,0,0,1,0,0
323,0,0,37.0,0,1,0,4,4,1,0,0,3,9,0,0,0,0,1,1,0,0
324,1,0,42.0,0,1,0,9,6,1,5,1,5,7,0,0,1,0,0,1,0,0
325,1,0,35.0,0,1,0,1,0,1,7,0,5,9,0,0,0,0,1,1,0,0
326,1,1,30.0,0,1,0,9,8,1,4,0,5,8,1,0,0,1,0,1,0,0
327,1,2,36.0,0,1,0,1,10,1,2,1,6,10,0,1,0,0,0,1,0,0
328,1,1,28.0,0,1,0,8,11,1,0,0,6,8,1,1,0,0,0,1,0,0
329,0,2,53.0,1,0,0,8,10,1,0,0,4,8,0,0,0,1,0,1,0,0
330,0,1,43.0,0,1,0,1,4,1,0,0,4,10,0,0,0,1,0,0,1,0
331,0,1,38.0,0,1,0,9,3,1,4,1,4,10,0,1,0,0,0,1,0,0
332,0,0,51.0,0,1,0,1,2,1,11,0,6,9,0,0,0,0,1,1,0,0
333,1,0,40.0,0,1,0,1,0,1,0,0,6,10,0,0,0,1,0,1,0,0
334,1,2,50.0,1,4,0,1,10,0,0,0,5,7,1,1,0,0,0,0,1,0
335,1,1,54.0,1,2,0,6,2,1,4,0,4,7,0,0,0,0,1,1,0,0
336,0,2,37.0,0,1,0,9,0,0,2,0,5,10,0,0,0,0,1,1,0,0
337,1,0,41.0,1,4,0,1,6,1,7,1,6,10,0,0,0,0,1,1,0,0
338,1,0,37.0,0,1,0,8,10,0,0,0,5,9,0,0,1,0,0,1,0,0
339,1,2,33.0,0,1,0,0,2,1,7,1,4,10,0,0,0,1,0,1,0,0
340,0,2,45.0,0,1,0,9,0,1,2,0,6,7,0,0,0,0,1,1,0,0
341,1,1,43.0,0,1,0,3,4,1,5,0,6,9,0,0,0,1,0,1,0,0
342,0,2,46.0,0,1,0,4,0,1,12,1,5,9,1,1,0,0,0,1,0,0
343,0,0,54.0,0,1,0,1,0,1,0,0,3,9,0,0,0,0,1,1,0,0
344,1,2,49.0,0,1,0,9,2,1,0,0,3,8,1,1,0,0,0,1,0,0
345,0,2,44.0,1,0,0,9,10,1,11,1,6,7,0,0,0,0,1,0,1,0
346,0,2,49.0,0,1,0,0,0,0,0,0,4,8,0,0,1,0,0,0,0,1
347,1,0,53.0,0,1,0,0,4,1,7,0,4,8,0,0,0,1,0,1,0,0
348,0,0,41.0,0,1,0,0,4,1,0,0,6,9,0,0,0,0,1,1,0,0
349,1,0,43.0,0,1,0,1,10,1,0,0,6,10,0,0,0,1,0,1,0,0
350,0,0,52.0,1,0,0,8,10,1,0,0,5,7,1,0,0,0,1,1,0,0
351,1,2,40.0,0,1,0,8,5,1,0,0,5,8,0,0,0,1,0,1,0,0
352,0,1,42.0,0,1,1,5,0,1,0,0,3,8,0,1,0,0,0,1,0,0
353,1,2,54.0,0,1,1,9,9,1,0,0,3,8,0,1,0,0,0,1,0,0
354,0,1,41.0,0,1,0,3,2,0,2,0,4,7,1,0,0,0,1,0,0,1
355,0,1,55.0,1,0,0,9,2,1,5,1,3,9,0,0,0,1,0,1,0,0
356,0,0,33.0,0,1,0,9,2,0,0,0,5,7,0,0,0,0,1,0,0,1
357,1,2,30.0,0,1,1,9,0,1,12,1,6,7,0,0,0,1,0,1,0,0
358,1,2,52.0,0,1,0,8,9,1,6,1,5,7,0,0,0,1,0,1,0,0
359,1,1,32.0,0,1,0,8,10,1,7,1,5,9,0,0,0,0,1,1,0,0
360,0,1,38.0,0,1,0,1,10,1,11,1,3,10,0,0,0,0,1,1,0,0
361,0,2,48.0,0,1,0,1,7,0,6,0,6,10,1,0,0,0,1,1,0,0
362,0,2,50.0,0,1,0,0,10,1,0,0,4,8,0,0,0,1,0,1,0,0
363,0,1,42.0,0,1,0,9,10,1,0,0,3,7,0,0,0,1,0,1,0,0
364,1,0,47.0,0,1,1,9,10,1,12,0,6,8,0,0,0,0,1,1,0,0
365,0,0,28.0,0,1,0,1,2,0,5,0,3,9,1,0,0,0,1,1,0,0
366,0,0,45.0,0,1,0,0,6,0,12,0,5,9,0,0,0,0,1,1,0,0
367,0,1,54.0,1,2,0,6,10,1,11,1,3,10,0,1,0,0,0,1,0,0
368,1,1,37.0,0,1,0,1,4,1,0,0,6,8,1,0,1,0,0,1,0,0
369,1,1,54.0,0,1,0,8,11,1,0,0,4,8,1,1,0,0,0,1,0,0
370,0,1,36.0,0,1,0,0,0,1,7,0,6,7,0,1,0,0,0,1,0,0
371,0,2,55.0,0,1,0,8,10,1,0,1,6,9,0,0,0,0,1,1,0,0
372,0,0,32.0,0,1,0,1,3,0,0,0,3,7,0,1,0,0,0,1,0,0
373,0,1,47.0,1,0,0,9,10,1,11,1,6,10,0,1,0,0,0,0,1,0
374,0,1,35.0,0,1,0,8,9,0,0,0,4,7,0,0,1,0,0,1,0,0
375,1,0,50.0,0,1,0,6,4,1,0,1,6,8,0,0,0,1,0,1,0,0
376,1,0,50.0,1,4,0,9,3,1,4,0,4,7,0,0,0,0,1,1,0,0
377,0,0,35.0,0,1,0,3,9,1,7,0,5,7,0,0,0,0,1,1,0,0
378,1,2,53.0,1,0,0,1,0,1,7,0,6,7,1,1,0,0,0,1,0,0
379,0,1,52.0,0,1,0,9,10,1,11,1,6,8,0,1,0,0,0,0,1,0
380,0,2,34.0,0,1,0,1,6,0,2,0,4,7,0,0,0,0,1,0,1,0
381,1,1,30.0,0,1,0,9,10,1,0,0,4,9,1,0,0,1,0,0,1,0
382,0,1,45.0,1,0,0,8,7,1,2,1,5,8,0,1,0,0,0,0,1,0
383,1,2,53.0,0,1,0,5,10,1,4,0,6,8,1,1,0,0,0,1,0,0
384,1,2,37.0,0,1,0,1,0,1,5,0,4,7,0,1,0,0,0,1,0,0
385,0,1,34.0,0,1,0,0,2,0,0,0,6,7,0,0,0,0,1,1,0,0
386,0,1,47.0,0,1,0,0,9,1,0,0,3,9,0,0,0,0,1,1,0,0
387,1,1,53.0,0,1,0,5,0,1,7,0,3,7,0,0,0,0,1,1,0,0
388,0,1,48.0,1,4,0,1,4,0,12,0,5,9,1,0,0,0,1,0,0,1
389,1,2,49.0,0,1,0,1,9,1,0,1,5,8,0,1,0,0,0,1,0,0
390,1,2,37.0,0,1,0,9,0,1,4,0,6,9,0,0,0,1,0,1,0,0
391,1,1,40.0,0,1,0,9,10,1,7,0,4,10,0,0,0,0,1,0,1,0
392,0,1,29.0,0,1,0,9,7,1,4,1,4,10,0,1,0,0,0,1,0,0
393,1,0,31.0,0,1,0,8,2,1,0,0,3,8,1,1,0,0,0,1,0,0
394,0,1,39.0,0,1,0,8,2,1,0,0,6,9,0,1,0,0,0,1,0,0
395,1,2,47.0,0,1,0,8,10,1,0,0,5,9,1,1,0,0,0,0,1,0
396,0,0,43.0,0,1,0,9,2,1,0,1,3,9,0,0,0,1,0,1,0,0
397,0,1,44.0,0,1,0,9,0,0,0,0,6,7,0,0,0,0,1,1,0,0
398,0,0,36.0,0,1,0,1,5,1,4,0,6,10,0,0,1,0,0,1,0,0
399,0,1,49.0,0,1,0,10,10,0,12,0,4,8,0,0,0,0,1,0,0,1
400,0,2,41.0,0,1,0,1,0,1,0,0,5,7,0,1,0,0,0,1,0,0
401,1,2,53.0,0,1,0,1,0,1,7,0,4,10,0,0,0,1,0,1,0,0
402,0,1,53.0,1,4,0,1,7,0,0,0,3,10,0,0,1,0,0,1,0,0
403,0,0,53.0,0,1,0,1,9,1,12,0,5,10,0,0,0,1,0,0,0,1
404,0,2,31.0,0,1,0,8,2,0,0,0,5,10,0,0,0,0,1,1,0,0
405,0,0,32.0,0,1,0,9,10,0,11,0,3,10,0,0,1,0,0,1,0,0
406,0,2,47.0,0,1,0,8,3,1,9,0,5,9,0,0,1,0,0,1,0,0
407,1,0,45.0,0,1,0,3,0,1,4,0,5,10,0,1,0,0,0,1,0,0
408,0,0,46.0,0,1,0,1,3,0,0,0,5,7,0,1,0,0,0,1,0,0
409,0,1,49.0,0,1,0,9,10,1,11,1,6,7,0,1,0,0,0,0,1,0
410,1,2,52.0,0,1,0,0,3,0,5,0,6,10,0,0,0,0,1,0,0,1
411,0,2,32.0,0,1,0,8,5,1,12,1,5,7,0,0,0,1,0,1,0,0
412,0,0,34.0,0,1,0,8,10,1,0,0,3,7,0,0,0,0,1,1,0,0
413,1,1,54.0,0,1,0,9,10,1,0,0,3,9,0,0,1,0,0,1,0,0
414,0,2,50.0,0,1,0,4,4,1,7,1,6,10,0,0,0,0,1,1,0,0
415,1,1,55.0,0,1,0,1,10,1,2,1,4,8,1,1,0,0,0,1,0,0
416,0,0,35.0,1,4,0,0,0,1,0,1,5,9,1,0,0,1,0,1,0,0
417,1,0,52.0,0,1,0,1,3,0,5,0,6,9,1,0,0,0,1,0,0,1
418,1,0,41.0,0,1,0,3,5,1,5,1,5,9,1,1,0,0,0,1,0,0
419,0,1,41.0,0,1,0,9,10,1,11,1,6,10,0,1,0,0,0,0,1,0
420,1,0,29.0,0,1,0,9,4,1,0,1,3,7,0,0,1,0,0,0,1,0
421,1,2,51.0,0,1,0,1,0,0,5,0,3,7,0,0,0,1,0,1,0,0
422,1,1,47.0,0,1,0,8,10,1,0,0,4,8,0,0,0,1,0,1,0,0
423,0,2,34.0,0,1,0,8,3,1,9,0,5,10,0,0,1,0,0,1,0,0
424,1,0,54.0,0,1,0,1,0,1,12,1,3,7,0,1,0,0,0,1,0,0
425,0,0,54.0,0,1,0,9,4,0,12,0,5,8,0,0,1,0,0,1,0,0
426,1,0,40.0,0,1,0,1,0,1,4,0,5,10,0,0,0,0,1,1,0,0
427,0,1,37.0,0,1,0,3,9,1,0,0,6,7,0,1,0,0,0,1,0,0
428,0,2,29.0,0,1,0,9,0,1,5,1,6,9,0,0,0,1,0,1,0,0
429,0,0,45.0,0,1,0,7,9,1,0,0,6,10,0,0,1,0,0,1,0,0
430,1,2,44.0,0,1,0,0,0,1,4,0,5,8,0,1,0,0,0,1,0,0
431,1,2,44.0,0,1,1,2,5,1,5,1,5,7,0,0,1,0,0,1,0,0
432,1,2,28.0,0,1,0,0,4,1,0,0,3,8,0,1,0,0,0,1,0,0
433,0,2,41.0,0,1,0,5,5,0,0,0,3,8,0,1,0,0,0,1,0,0
434,0,1,41.0,1,2,0,9,9,1,4,0,6,10,0,0,0,0,1,1,0,0
435,0,1,36.0,0,1,0,9,10,1,11,1,6,7,0,1,0,0,0,0,1,0
436,0,0,44.0,0,1,0,9,4,1,0,0,5,8,0,0,0,1,0,0,0,1
437,0,2,40.0,0,1,0,1,0,1,0,0,3,7,0,0,0,1,0,1,0,0
438,0,0,29.0,1,4,0,6,5,0,7,0,6,9,1,0,0,0,1,0,0,1
439,1,1,54.0,0,1,0,8,2,0,0,0,3,8,0,0,0,1,0,0,1,0
440,0,0,37.0,1,4,1,9,3,1,2,0,5,9,0,0,0,1,0,0,0,1
441,1,2,50.0,1,0,0,1,0,1,0,0,3,10,0,1,0,0,0,1,0,0
442,1,0,54.0,0,1,0,8,6,1,4,0,4,8,0,1,0,0,0,1,0,0
443,1,0,32.0,0,1,0,3,0,1,12,1,4,7,1,1,0,0,0,1,0,0
444,1,0,34.0,0,1,0,0,9,1,7,0,3,10,0,0,0,1,0,1,0,0
445,0,1,54.0,0,1,0,9,11,0,2,0,4,9,0,0,1,0,0,1,0,0
446,1,2,32.0,0,1,0,8,11,1,7,0,5,8,0,0,0,0,1,1,0,0
447,0,2,45.0,1,0,0,8,7,1,2,1,5,7,0,0,0,0,1,0,1,0
448,0,1,35.0,1,0,0,0,6,1,11,1,6,8,0,1,0,0,0,0,1,0
449,0,0,29.087125200874034,0,1,0,3,9,1,0,0,3,7,0,0,0,0,0,1,0,0
450,0,0,45.626709249216745,0,0,0,8,6,1,3,1,3,7,0,0,0,0,0,0,0,0
451,1,0,51.57992463020939,0,2,0,9,7,1,5,0,3,9,0,0,1,0,0,1,0,0
452,0,2,28.30352869032542,0,1,0,8,0,1,0,0,6,8,0,0,0,0,0,1,0,0
453,0,0,30.538015574946357,0,1,0,8,10,0,8,0,5,8,0,0,0,0,1,0,0,0
454,1,0,44.03325594746774,0,1,0,8,2,0,0,0,4,8,0,0,0,0,0,0,0,0
455,1,0,53.53851532918641,0,1,0,9,6,1,5,0,3,7,0,0,1,0,0,0,0,0
456,1,0,50.0,0,1,0,6,3,1,0,0,5,7,0,0,0,0,0,1,0,0
457,1,1,36.88824703887091,0,1,0,7,3,1,11,0,3,7,0,0,0,0,0,1,0,0
458,1,0,51.7499992487701,0,1,0,9,6,1,5,0,3,9,0,0,0,0,0,1,0,0
459,1,0,51.32119236110096,0,2,0,9,1,0,1,0,4,7,0,0,0,0,0,0,0,0
460,0,2,28.0,0,1,0,3,0,1,0,0,4,8,0,0,0,0,0,1,0,0
461,0,0,43.01695535033934,0,0,0,8,6,1,3,1,5,7,0,0,0,0,0,0,0,0
462,0,0,29.89745130458928,0,1,0,3,9,1,0,0,3,7,0,0,0,0,0,1,0,0
463,1,1,41.17098659868313,0,1,0,8,2,0,1,0,4,9,0,0,0,0,0,1,0,0
464,0,0,30.390352932153448,0,1,0,2,6,0,0,0,3,7,0,1,0,0,0,1,0,0
465,0,0,48.74914591528999,0,3,0,8,9,0,0,0,3,7,0,0,0,0,0,1,0,0
466,0,0,45.88823950183513,0,0,0,9,6,1,5,1,3,7,0,0,0,0,0,0,0,0
467,0,2,28.0,0,1,0,3,0,1,0,0,4,8,0,0,0,0,0,1,0,0
468,0,1,43.38662162518021,0,0,0,8,8,1,1,1,4,7,0,1,0,0,0,0,0,0
469,0,0,32.918221226509445,0,1,0,3,9,1,0,0,3,7,0,0,0,0,0,1,0,0
470,1,0,32.999947404541395,0,1,0,6,10,1,2,0,3,7,0,0,0,0,1,1,0,0
471,0,0,29.15111017027263,0,1,0,2,8,0,0,0,3,7,0,1,0,0,0,1,0,0
472,0,1,38.39819614943702,0,1,0,1,1,1,0,0,6,7,0,0,0,0,0,1,0,0
473,0,0,47.01520720222273,0,1,0,8,9,0,0,0,3,7,0,0,0,0,0,1,0,0
474,0,0,51.198212386355564,1,4,0,6,9,0,0,0,3,9,0,0,0,0,0,1,0,0
475,0,0,54.0,0,1,0,8,5,0,11,0,4,8,0,0,0,0,0,1,0,0
476,0,0,43.59284432805873,0,1,0,9,3,1,0,0,4,8,0,0,0,1,0,0,0,0
477,0,0,50.74746726311471,0,3,0,9,2,1,4,0,4,7,0,0,0,0,0,1,0,0
478,0,0,51.10653069663171,0,3,0,9,8,0,7,0,4,8,0,0,0,0,0,1,0,0
479,1,0,53.10848487016888,0,1,0,9,6,1,5,0,3,8,0,0,1,0,0,0,0,0
480,0,1,28.212390498890308,0,1,0,0,1,1,0,0,3,7,0,0,0,0,0,1,0,0
481,0,0,53.77755677561318,0,1,0,9,5,1,4,0,3,7,0,0,0,0,0,0,0,0
482,1,1,36.78125062626323,0,1,0,1,4,1,0,0,6,8,0,0,0,0,0,1,0,0
483,0,1,45.0,0,0,0,6,8,0,0,0,3,7,0,0,0,0,1,0,1,0
484,0,0,39.26054517516713,0,1,0,1,3,0,0,0,6,7,0,0,0,0,0,1,0,0
485,0,2,36.089289950711695,0,1,0,2,4,1,0,0,6,8,0,0,0,0,0,1,0,0
486,0,0,52.95836592642166,0,3,0,6,10,1,0,0,4,9,0,0,0,0,0,1,0,0
487,0,1,28.0852955658587,0,1,0,0,0,1,0,0,3,7,0,0,0,0,0,1,0,0
488,0,1,39.1692549981419,0,1,0,5,8,1,10,1,6,9,0,1,0,0,0,1,0,0
489,1,0,52.46351311307689,0,2,0,9,7,1,6,1,3,7,0,0,1,0,0,0,0,0
490,1,0,53.64301368660502,0,1,0,9,6,1,5,1,3,7,0,0,1,0,0,0,0,0
491,0,1,45.047191226813915,0,0,0,8,7,1,1,0,4,8,0,0,0,0,0,0,0,0
492,0,0,29.0,0,2,0,6,4,0,2,0,5,9,0,0,0,0,0,0,0,0
493,0,1,41.71249387505199,1,0,0,7,9,1,10,1,6,8,0,0,0,0,0,0,0,0
494,0,0,50.43615925906786,0,3,0,9,2,1,4,0,4,7,0,0,0,0,0,1,0,0
495,0,0,45.74383454530979,0,1,0,1,2,0,0,0,4,7,0,0,0,0,0,1,0,0
496,0,1,35.8715779537125,1,0,0,2,7,1,9,0,6,8,0,0,0,0,0,0,0,0
497,0,1,40.64583685194583,0,1,0,1,0,0,0,0,3,7,0,0,0,0,0,1,0,0
498,0,1,40.178864816650645,0,1,0,1,1,0,0,0,6,7,0,0,0,0,0,1,0,0
499,0,0,36.71469693623736,0,1,0,3,9,1,0,0,5,7,0,0,0,0,0,1,0,0
500,0,1,31.75597746472937,0,1,0,0,2,0,0,0,4,8,0,0,0,0,0,1,0,0
501,1,1,42.912029246435736,0,1,0,8,2,0,1,0,4,8,0,0,0,0,0,1,0,0
502,0,1,31.719254261180513,0,0,0,8,10,1,4,0,3,7,0,0,0,0,1,0,0,0
503,1,1,53.0,0,1,0,5,10,1,4,0,5,8,0,0,0,0,0,1,0,0
504,1,0,53.54156135382684,0,1,0,8,2,0,1,0,3,10,0,0,1,0,0,0,0,0
505,0,0,54.64475619763174,0,1,0,7,10,1,0,0,5,7,0,0,0,0,0,1,0,0
506,1,0,45.617699902756925,0,1,0,9,6,1,5,1,3,7,0,0,1,0,0,1,0,0
507,0,0,30.416861605992402,1,2,0,3,5,0,7,0,6,8,1,0,0,0,1,0,0,0
508,0,1,31.701268111734137,1,1,0,1,6,0,8,0,6,7,1,0,0,0,1,0,0,0
509,0,0,29.519711193658278,0,2,0,7,6,0,5,0,5,8,1,0,0,0,0,0,0,0
510,1,0,45.999723215674955,0,1,0,8,2,0,0,0,4,9,0,0,0,0,0,0,0,0
511,0,0,44.75255911727125,0,1,0,2,2,0,0,0,5,7,0,0,0,0,0,1,0,0
512,0,1,43.55270922771305,0,1,0,8,10,1,0,0,3,7,0,0,0,0,0,1,0,0
513,0,0,35.08270127687668,0,1,0,0,4,0,0,0,4,8,0,0,0,0,0,1,0,0
514,1,1,29.67987945640677,0,1,0,8,6,1,2,0,5,8,0,0,0,1,0,1,0,0
515,1,1,36.543870227877136,0,1,0,1,4,1,0,0,6,8,0,0,0,0,0,1,0,0
516,0,0,47.93363446639501,0,1,0,3,3,0,0,0,5,7,0,0,0,0,0,1,0,0
517,0,0,36.42252114493593,1,4,0,6,9,1,0,0,5,10,0,0,0,1,0,1,0,0
518,0,0,45.0,1,3,0,7,8,1,0,0,5,9,0,0,0,0,0,0,0,0
519,0,1,39.35910719065499,0,1,0,1,0,0,0,0,6,7,0,0,0,0,0,1,0,0
520,1,2,49.31369239250803,0,1,0,1,9,0,0,0,5,7,0,1,0,0,0,0,0,0
521,0,0,36.0,1,3,0,6,9,1,0,0,4,9,0,0,0,0,0,1,0,0
522,1,1,31.0564968582144,0,1,0,8,9,1,5,0,5,8,0,0,0,0,0,1,0,0
523,0,0,54.71158381706081,0,1,0,8,10,0,0,0,5,7,0,0,1,0,0,1,0,0
524,0,0,35.385222779968814,0,1,0,1,4,0,0,0,3,7,0,0,0,0,0,1,0,0
525,1,0,39.07823129373282,0,1,0,9,7,1,4,0,5,7,0,0,0,0,0,1,0,0
526,1,0,52.58505774925874,0,2,0,9,4,1,4,0,3,7,0,0,0,0,0,0,0,0
527,1,0,51.35535778974827,0,1,0,9,6,1,4,0,3,9,0,0,0,0,0,1,0,0
528,0,1,53.18645821948934,0,1,0,9,2,1,4,0,5,7,0,0,0,0,0,0,0,0
529,0,1,45.0,1,0,0,8,7,1,2,1,5,7,0,0,0,0,0,0,1,0
530,0,1,45.73539735069617,0,0,0,8,9,1,11,1,6,9,0,1,0,0,0,0,0,0
531,0,0,30.699389383714767,0,1,0,8,10,0,8,0,5,8,0,0,0,0,1,0,0,0
532,0,1,38.384468754085454,0,1,0,7,0,1,2,0,5,9,0,0,0,0,0,1,0,0
533,0,1,46.65018225138098,0,0,0,8,9,1,0,0,4,8,0,0,0,0,0,0,0,0
534,0,2,36.88657722481952,0,1,0,2,3,1,0,0,6,8,0,0,0,0,0,1,0,0
535,1,0,43.684249000049334,0,1,0,8,2,0,0,0,4,9,0,0,0,0,0,0,0,0
536,0,0,48.68085706507087,0,3,0,8,9,0,0,0,3,7,0,0,0,0,0,1,0,0
537,1,0,49.40973152436089,0,1,0,9,9,1,4,0,5,9,0,0,0,0,0,1,0,0
538,0,0,53.67008226382649,0,1,0,8,10,0,1,0,4,9,0,0,0,0,0,1,0,0
539,1,1,42.0,0,1,0,7,8,1,11,1,5,7,0,0,0,0,0,1,0,0
540,0,0,34.5558386751945,0,1,0,4,10,1,0,0,3,7,0,0,0,0,0,1,0,0
541,0,0,31.9086411051752,0,1,0,7,9,0,7,0,5,9,0,0,0,0,1,0,0,0
542,0,1,45.0,0,0,0,7,7,0,1,0,4,7,0,0,0,0,0,0,1,0
543,0,0,45.907403834881485,0,0,0,8,6,1,4,1,3,7,0,0,0,0,0,0,0,0
544,0,1,34.30470295623343,1,0,0,1,7,1,9,0,6,7,0,0,0,0,0,0,0,0
545,0,2,44.00596466349408,1,0,0,0,6,1,11,1,4,10,0,0,0,0,1,0,1,0
546,1,0,51.46338751292938,0,1,0,9,5,1,4,0,3,9,0,0,0,0,0,1,0,0
547,1,0,53.908770725698226,0,1,0,8,1,0,0,0,4,9,0,0,0,0,0,0,0,0
548,0,1,53.16337188207663,1,1,0,4,9,1,11,1,3,10,0,0,0,0,0,0,0,0
549,0,0,33.56542478349698,0,1,0,9,1,1,2,0,3,7,0,0,0,0,0,0,0,0
550,1,0,52.35452661067686,0,1,0,6,9,1,7,1,4,8,0,0,0,0,0,1,0,0
551,0,1,37.87392342066125,0,0,0,9,8,1,3,0,5,8,0,0,0,0,0,1,0,0
552,1,0,48.66610454337913,0,1,0,8,1,0,0,0,4,8,0,0,0,0,0,0,0,0
553,0,1,36.00924007348654,0,1,0,3,5,1,0,0,6,8,0,1,0,0,0,1,0,0
554,1,0,45.33392380498122,0,3,0,7,9,1,0,0,5,9,0,0,0,1,0,1,0,0
555,0,1,51.031341131303755,0,1,0,3,9,1,0,0,4,7,0,1,0,0,0,1,0,0
556,0,1,29.18602086346119,0,1,0,0,0,0,0,0,3,7,0,0,0,0,0,1,0,0
557,1,0,46.726524801968196,0,1,0,9,5,1,4,0,3,7,0,0,0,0,0,1,0,0
558,0,0,54.5123934632959,0,1,0,1,0,1,2,0,4,9,0,0,0,0,0,1,0,0
559,0,1,31.321788548752522,0,1,0,1,10,0,4,0,3,7,0,0,0,0,0,1,0,0
560,0,0,50.575084311910054,0,1,0,4,9,0,0,0,3,7,0,0,0,0,0,1,0,0
561,0,1,30.819426380205726,0,0,0,8,10,1,6,0,4,7,0,0,0,0,1,0,0,0
562,0,2,39.21840285481192,0,1,0,1,0,1,0,0,5,7,0,0,0,1,0,1,0,0
563,0,0,53.54483118480666,0,1,0,9,4,1,4,0,4,7,0,0,0,0,0,0,0,0
564,0,0,31.515478967109882,0,1,0,8,10,0,4,0,3,7,0,0,0,0,1,0,0,0
565,0,1,36.98453648301032,0,0,0,9,8,1,1,0,4,8,0,0,0,0,0,1,0,0
566,0,1,46.43112231491808,0,0,0,8,9,1,0,0,4,8,0,0,0,0,0,0,0,0
567,0,0,53.05536175875521,0,1,0,5,9,1,0,0,5,7,0,0,0,0,0,1,0,0
568,0,0,44.12564445006001,0,0,0,8,6,1,2,1,5,7,0,0,0,0,0,0,0,0
569,0,1,40.99628045101494,0,1,0,2,0,1,0,0,3,7,0,0,0,0,0,1,0,0
570,1,2,52.53365023841583,0,1,0,4,10,0,3,0,5,7,1,1,0,0,0,0,0,0
571,0,0,47.777368891771935,1,0,0,9,9,1,10,1,5,9,0,0,0,0,0,0,0,0
572,0,0,45.22667399038943,0,1,0,1,0,0,0,0,3,7,0,0,0,0,0,1,0,0
573,0,0,41.9227759915717,0,1,0,4,0,1,0,0,5,8,0,0,0,0,0,1,0,0
574,0,0,45.0,1,0,0,7,7,1,1,0,5,8,0,0,0,0,0,0,0,0
575,0,0,45.780426651104015,0,0,0,8,6,1,4,1,3,7,0,0,0,0,0,0,0,0
576,0,1,36.01496772111676,0,1,0,3,5,1,0,0,6,8,0,1,0,0,0,1,0,0
577,0,0,37.507139213344324,1,4,0,6,9,1,0,0,5,10,0,0,0,1,0,1,0,0
578,1,2,37.020240531842134,0,1,0,8,0,0,3,0,5,8,0,0,0,0,0,1,0,0
579,0,0,54.73052056604188,0,1,0,1,0,1,2,0,4,9,0,0,0,0,0,1,0,0
580,1,1,54.179015723811084,0,1,0,2,10,1,4,1,4,8,0,0,0,0,0,1,0,0
581,1,1,53.0,0,1,0,5,10,1,5,0,5,8,0,0,0,0,0,1,0,0
582,0,0,46.19136727422023,1,4,0,7,9,0,0,0,5,9,0,0,0,0,0,1,0,0
583,1,2,39.00566170779314,0,1,0,8,1,0,3,0,5,8,0,0,0,0,0,1,0,0
584,0,0,42.0,0,1,0,4,0,0,0,0,5,8,0,0,0,0,0,1,0,0
585,0,0,42.05790097792794,0,1,0,1,2,0,0,0,5,7,0,0,0,0,0,1,0,0
586,0,1,51.21836147894393,0,0,0,0,5,1,9,0,4,9,0,0,0,0,0,0,0,0
587,0,1,47.292367719719124,0,1,0,1,6,0,0,0,3,7,0,0,0,0,0,0,0,0
588,0,1,40.03081650944429,0,1,0,2,0,1,0,0,5,7,0,0,0,0,0,1,0,0
589,1,0,33.57774555543893,0,1,0,4,10,1,0,0,3,7,0,0,0,0,1,1,0,0
590,0,1,38.76588275788619,0,1,0,1,1,1,0,0,4,7,0,0,0,0,0,1,0,0
591,0,0,35.43708566824034,1,4,0,6,9,1,0,0,4,10,0,0,0,1,0,1,0,0
592,1,0,49.79899782063218,0,2,0,9,9,1,5,0,4,8,0,0,0,0,0,1,0,0
593,0,1,43.509154379637586,0,0,0,7,9,1,11,1,6,8,0,1,0,0,0,0,0,0
594,0,1,45.0,1,0,0,8,7,1,2,1,5,7,0,0,0,0,0,0,1,0
595,0,1,36.14757413964737,0,0,0,9,8,1,0,0,3,8,0,0,0,0,0,1,0,0
596,1,0,51.65062061031799,0,3,0,7,9,1,7,1,3,8,0,0,0,0,0,1,0,0
597,0,0,32.18851731045263,0,1,0,1,3,0,0,0,3,7,0,1,0,0,0,1,0,0
598,1,0,45.97210320813317,0,1,0,8,2,0,0,0,4,8,0,0,0,0,0,0,0,0
599,0,0,45.06693136350186,0,1,0,8,2,0,0,0,4,8,0,0,0,0,0,0,0,0
600,0,0,29.304582030675906,0,1,0,7,4,1,0,0,4,8,0,0,0,1,0,0,0,0
601,0,0,45.0,0,1,0,6,9,0,0,0,3,7,0,0,0,0,0,0,0,0
602,0,0,36.25062272019389,0,1,0,1,6,0,0,0,4,7,0,0,0,0,0,1,0,0
603,0,2,28.0,0,1,0,2,0,1,0,0,4,8,0,0,0,0,0,1,0,0
604,0,2,36.947879543700545,0,0,0,9,9,1,0,0,3,7,0,1,0,0,0,1,0,0
605,0,1,52.56785195007518,0,1,0,9,1,0,2,0,5,7,1,1,0,0,0,0,0,0
606,0,1,28.247865479012066,0,1,0,1,9,0,0,0,3,7,0,0,0,0,0,1,0,0
607,0,0,48.318408991710875,1,4,0,7,9,0,0,0,3,7,0,0,0,0,0,1,0,0
608,1,1,53.0,0,0,0,0,1,1,7,0,5,7,0,0,0,0,0,1,0,0
609,0,1,47.57929765896475,0,0,0,0,0,1,6,0,4,7,0,0,0,0,0,1,0,0
610,0,1,35.48772084517058,1,1,0,8,9,1,0,0,3,8,0,0,0,0,0,1,0,0
611,0,0,51.6322593672462,0,1,0,3,2,1,0,0,4,8,0,0,0,0,0,1,0,0
612,0,2,42.95295440109966,0,0,0,7,9,1,11,1,6,7,0,0,0,0,0,0,0,0
613,0,0,41.02413086202564,0,1,0,1,1,0,0,0,4,7,0,0,0,0,0,1,0,0
614,0,0,53.54148544776335,0,1,0,8,2,0,1,0,4,8,0,0,0,0,0,0,0,0
615,0,0,30.90162951698061,1,2,0,3,5,0,7,0,6,8,1,0,0,0,1,0,0,0
616,0,0,43.32604595338461,0,0,0,8,6,1,3,1,5,7,0,0,0,0,0,0,0,0
617,1,0,53.70526984756468,0,1,0,8,1,0,0,0,4,9,0,0,0,0,0,0,0,0
618,1,0,33.133122051061285,0,1,0,5,10,1,1,0,3,7,0,0,0,0,1,1,0,0
619,0,0,45.0,1,0,0,7,7,1,1,0,5,8,0,0,0,0,0,0,0,0
620,1,1,54.018684130736375,0,1,0,2,10,1,2,0,4,8,1,1,0,0,0,1,0,0
621,1,0,54.0,0,1,0,8,2,0,0,0,3,9,0,0,1,0,0,0,1,0
622,0,0,43.359840551108206,0,1,0,1,3,0,0,0,4,7,0,0,0,0,0,0,0,0
623,0,1,39.61978382122581,1,1,0,3,7,1,10,1,5,10,0,0,0,0,0,0,0,0
624,0,0,29.15272467749262,0,1,0,7,4,1,0,0,4,8,0,0,0,1,0,0,0,0
625,0,1,33.0,0,0,0,0,9,1,7,0,3,7,0,0,0,0,0,0,0,0
626,0,1,35.643265301379365,1,0,0,8,9,1,0,0,3,8,0,0,0,0,0,1,0,0
627,1,0,54.93014098266065,0,1,0,1,0,0,3,0,4,10,0,0,0,0,0,0,0,0
628,0,0,28.038752683187184,0,1,0,8,10,0,11,0,5,7,0,0,0,0,1,0,0,0
629,1,0,38.0,0,3,0,7,8,1,0,0,6,9,1,0,0,1,0,1,0,0
630,0,1,53.13346520958136,0,0,0,1,0,1,6,0,5,7,0,0,0,0,0,1,0,0
631,0,0,52.22080802574861,0,1,0,9,5,1,4,0,3,9,0,0,0,0,0,1,0,0
632,0,0,45.925163425837546,0,0,0,8,6,1,4,1,3,7,0,0,0,0,0,0,0,0
633,1,1,31.430357497927485,0,1,0,8,9,1,6,0,5,8,0,0,0,0,0,1,0,0
634,0,1,43.472455838552634,0,0,0,8,8,1,0,0,3,7,0,0,0,0,0,0,0,0
635,0,2,37.77451527364912,1,0,0,0,7,1,10,0,4,8,0,0,0,0,1,0,1,0
636,0,2,39.882709289392906,0,1,0,1,0,1,0,0,3,7,0,0,0,1,0,1,0,0
637,0,1,43.46523017982117,0,0,0,8,8,1,0,0,3,7,0,0,0,0,0,0,0,0
638,0,0,44.0,0,1,0,9,3,1,0,0,4,8,0,0,0,1,0,0,0,0
639,0,0,28.69644780890853,0,1,0,1,8,0,0,0,3,7,0,0,0,0,0,1,0,0
640,1,0,53.04942111618277,0,1,0,8,1,0,0,0,4,9,0,0,0,0,0,0,0,0
641,0,0,28.86540813951485,0,1,0,8,10,0,10,0,5,7,0,0,0,0,1,0,0,0
642,0,1,51.33071171842478,0,0,0,0,5,1,9,0,4,9,0,0,0,0,0,0,0,0
643,0,0,29.159867082060707,0,1,0,7,4,1,0,0,4,8,0,0,0,1,0,0,0,0
644,1,0,50.0,0,1,0,6,3,1,0,0,5,7,0,0,0,0,0,1,0,0
645,0,1,46.29892605956787,0,1,0,7,9,0,0,0,3,7,0,0,0,0,0,0,0,0
646,0,0,37.382329207758744,0,1,0,0,7,0,0,0,4,8,0,0,0,0,1,1,0,0
647,0,0,42.97705429925045,0,1,0,1,9,0,0,0,3,7,0,0,0,0,1,0,0,0
648,0,1,28.8529861051112,0,1,0,2,9,0,0,0,3,7,0,0,0,0,0,1,0,0
649,0,1,48.52038979857122,0,1,0,1,8,0,0,0,4,7,0,0,0,0,0,0,0,0
650,0,0,37.741175325155496,1,3,0,7,9,1,0,0,5,9,0,0,0,0,0,1,0,0
651,0,0,52.26323283738331,1,3,0,7,9,1,8,0,3,9,0,1,0,0,0,1,0,0
652,1,0,54.0,0,1,0,8,2,0,0,0,3,9,0,0,1,0,0,0,1,0
653,0,2,49.28435777914771,1,0,0,0,6,1,11,1,4,10,0,0,0,0,1,0,1,0
654,0,1,42.16594349531239,0,1,0,8,3,0,1,0,4,8,0,0,0,0,0,0,0,0
655,0,0,41.59886461367829,0,1,0,9,2,1,0,0,4,9,0,0,0,1,0,0,0,0
656,1,0,49.24573806823752,0,1,0,9,9,1,4,0,5,8,0,0,0,0,0,1,0,0
657,0,1,33.0,0,0,0,0,9,1,7,0,3,7,0,0,0,0,0,0,0,0
658,0,0,50.721082359030284,1,4,0,6,9,0,0,0,3,8,0,0,0,0,0,1,0,0
659,0,1,47.580337978162866,0,1,0,1,7,0,0,0,4,7,0,0,0,0,0,0,0,0
660,1,1,50.67921157694696,0,1,0,7,10,1,4,0,6,8,0,0,0,0,0,1,0,0
661,1,0,51.28375582578198,0,3,0,9,8,1,6,0,3,8,0,0,1,0,0,1,0,0
662,0,2,42.0,0,0,0,6,8,1,11,1,5,8,0,0,0,0,0,0,0,0
663,0,1,31.19419201999948,0,0,0,8,10,1,8,1,5,8,0,0,0,0,1,0,0,0
664,1,0,53.0,0,0,0,0,3,1,7,0,4,7,0,0,0,0,0,1,0,0
665,0,1,40.04883217798142,0,1,0,1,0,1,0,0,3,7,0,0,0,1,0,1,0,0
666,0,1,39.233144669507936,0,1,0,9,8,1,2,0,5,7,0,0,0,1,0,1,0,0
667,1,0,44.46573094216196,0,1,0,8,2,0,0,0,4,8,0,0,0,0,0,0,0,0
668,1,0,50.00685485587991,0,2,0,9,9,1,5,0,4,9,0,0,0,0,0,1,0,0
669,0,1,44.861164141991495,0,1,0,6,9,0,0,0,3,7,0,0,0,0,0,0,0,0
670,0,1,36.768754796468514,0,1,0,3,6,1,8,0,4,8,0,0,0,0,0,1,0,0
671,0,0,47.58481213235294,0,1,0,0,0,1,6,0,4,7,0,0,0,1,0,1,0,0
672,0,1,45.10839245378044,0,1,0,8,10,1,0,0,3,7,0,0,0,1,0,1,0,0
673,1,0,54.0,0,1,0,8,5,0,4,0,3,7,0,0,1,0,0,0,1,0
674,0,1,42.31526455147331,0,1,0,8,3,0,1,0,4,8,0,0,0,0,0,0,0,0
675,0,0,42.030281906857375,0,1,0,0,8,0,0,0,3,7,0,0,0,0,0,0,0,0
676,0,0,45.0,0,3,0,6,9,0,0,0,5,9,0,0,0,0,0,0,0,0
677,0,1,29.0,0,1,0,6,4,1,0,0,4,8,0,0,0,0,0,1,0,0
678,1,0,46.26721577940038,0,2,0,7,9,1,0,0,4,8,0,0,0,1,0,1,0,0
679,0,1,36.94929747330183,0,1,0,3,8,1,0,0,6,7,0,1,0,0,0,1,0,0
680,0,0,53.936746473789455,0,1,0,9,5,1,4,0,3,7,0,0,0,0,0,0,0,0
681,0,0,50.3421348838214,1,4,0,7,9,0,0,0,3,8,0,0,0,0,0,1,0,0
682,0,1,34.455392686263295,0,1,0,2,6,1,7,0,3,7,0,0,0,0,0,1,0,0
683,0,0,49.968951911726734,1,2,0,9,9,1,8,1,3,8,0,0,0,0,0,0,0,0
684,0,1,32.69301394403739,0,0,0,2,7,1,8,0,5,7,0,0,0,0,1,0,0,0
685,0,0,34.23954269819511,1,3,0,6,9,1,0,0,3,9,0,0,0,0,0,1,0,0
686,1,1,51.22448529730121,0,1,0,6,10,1,4,0,6,8,0,0,0,0,0,1,0,0
687,1,2,49.60822568076604,0,2,0,1,9,0,0,0,5,7,0,1,0,0,0,0,0,0
688,0,1,38.06369835414338,0,1,0,6,5,1,10,0,4,8,0,0,0,0,0,1,0,0
689,1,1,40.38143072728096,0,1,0,9,1,1,1,0,4,9,0,0,0,1,0,1,0,0
690,0,1,40.92745091126425,0,1,0,2,0,1,0,0,3,7,0,0,0,0,0,1,0,0
691,0,0,32.40135075523015,0,1,0,3,10,0,0,0,3,7,0,0,0,0,0,1,0,0
692,0,0,34.781644836883224,0,0,0,5,9,1,0,0,3,7,0,0,0,0,0,1,0,0
693,0,0,51.09847800336397,0,1,0,3,9,1,0,0,4,7,0,0,0,0,0,1,0,0
694,0,0,36.0,1,3,0,6,9,1,0,0,4,9,0,0,0,0,0,1,0,0
695,1,0,41.77613668660221,0,1,0,9,6,1,4,0,5,7,0,0,0,0,0,1,0,0
696,1,0,51.259597470598166,0,3,0,9,8,1,6,0,3,8,0,0,0,0,0,0,0,0
697,0,0,44.288480119083864,0,1,0,1,0,1,0,0,3,7,0,0,0,0,0,1,0,0
698,0,1,53.16048703318034,0,1,0,9,2,1,4,0,5,7,0,0,0,0,0,0,0,0
699,1,1,35.95525893545738,0,1,0,5,4,1,9,0,3,7,0,0,0,0,0,1,0,0
700,0,0,47.052299452686185,1,4,0,7,9,0,0,0,4,8,0,0,0,0,0,1,0,0
701,0,1,40.70033605295309,0,1,0,1,1,0,0,0,4,7,0,0,0,0,0,1,0,0
702,0,1,50.26754526430105,0,0,0,0,0,1,6,0,5,7,0,0,0,0,0,1,0,0
703,0,2,34.09739588695379,0,1,0,8,3,1,0,0,6,8,0,0,0,1,0,1,0,0
704,1,0,49.83969656745805,0,2,0,9,9,1,5,0,5,9,0,0,0,0,0,1,0,0
705,0,0,42.0,0,1,0,0,4,0,0,0,5,7,0,0,0,0,0,1,0,0
706,0,0,53.62377342572781,0,1,0,8,2,0,1,0,4,8,0,0,0,0,0,0,0,0
707,0,0,30.47307422270218,0,2,0,6,7,0,7,0,5,9,0,0,0,0,1,0,0,0
708,0,1,33.0,0,0,0,0,9,1,7,0,3,7,0,0,0,0,0,0,0,0
709,0,1,53.24465141426218,0,1,0,5,10,1,7,1,4,8,0,0,0,0,0,1,0,0
710,0,1,33.74864639327444,0,1,0,1,8,1,7,0,3,7,0,0,0,0,0,1,0,0
711,0,1,35.90868071602204,1,0,0,8,9,1,0,0,3,8,0,0,0,0,0,1,0,0
712,0,0,52.6201352799379,0,3,0,6,10,0,0,0,4,9,0,0,0,0,0,1,0,0
713,1,1,41.157596999360685,0,1,0,7,7,1,12,0,5,7,0,0,0,0,0,1,0,0
714,1,0,43.6140456719742,0,1,0,8,2,0,0,0,4,8,0,0,0,0,0,1,0,0
715,0,1,53.359975844700564,0,0,0,1,0,1,4,0,4,7,0,0,0,0,0,1,0,0
716,0,0,52.52759039207386,0,1,0,2,1,1,0,0,4,8,0,0,0,0,0,1,0,0
717,1,0,33.37449340845295,0,1,0,5,10,1,1,0,3,7,0,0,0,0,1,1,0,0
718,1,0,52.60367230010626,0,1,0,5,9,1,7,1,4,8,0,0,0,0,0,1,0,0
719,0,0,52.07044718594416,0,3,0,5,10,1,0,0,4,9,0,0,0,0,0,1,0,0
720,0,0,32.41786480182799,0,1,0,3,10,0,0,0,3,7,0,0,0,0,0,1,0,0
721,0,1,41.38072924499261,0,1,0,9,10,1,0,0,3,7,0,0,0,0,0,1,0,0
722,1,1,31.26786191263585,0,1,0,8,9,1,4,0,3,7,0,0,0,0,0,1,0,0
723,1,1,50.36560455272688,0,3,0,1,10,0,0,0,4,7,1,1,0,0,0,0,0,0
